Metadata_Day,Metadata_Group,AreaShape_Area,AreaShape_Compactness,AreaShape_Eccentricity,AreaShape_EulerNumber,AreaShape_Extent,AreaShape_FormFactor,AreaShape_MajorAxisLength,AreaShape_MaxFeretDiameter,AreaShape_MaximumRadius,AreaShape_MeanRadius,AreaShape_MedianRadius,AreaShape_MinFeretDiameter,AreaShape_MinorAxisLength,AreaShape_Orientation,AreaShape_Perimeter,AreaShape_Solidity,Intensity_IntegratedIntensityEdge_origImage,Intensity_IntegratedIntensity_origImage,Intensity_LowerQuartileIntensity_origImage,Intensity_MADIntensity_origImage,Intensity_MassDisplacement_origImage,Intensity_MaxIntensityEdge_origImage,Intensity_MaxIntensity_origImage,Intensity_MeanIntensityEdge_origImage,Intensity_MeanIntensity_origImage,Intensity_MedianIntensity_origImage,Intensity_MinIntensityEdge_origImage,Intensity_MinIntensity_origImage,Intensity_StdIntensityEdge_origImage,Intensity_StdIntensity_origImage,Intensity_UpperQuartileIntensity_origImage,target_feature,Probability
1,1,129,4.842271753,0.990283117,1,0.173387097,0.17662428800000002,39.51032072,37.80211634,3.0,1.391987274,1.0,6.350780566,5.494541644,-55.87682745,95.802,0.779456193,0.135224918,0.233279516,0.0015570929999999998,0.00023837,0.108424987,0.002475971,0.0025374860000000003,0.001931785,0.001808368,0.001806997,0.0015686270000000002,0.00106113,0.000245018,0.000349261,0.002029989,HWJC,0.06549242846248424
1,1,1412,1.919621345,0.8282823109999999,1,0.300617415,0.249567164,72.40958247,76.53103945,12.16552506,4.131383434,3.605551275,50.61605018,40.57188529,39.07271932,266.642,0.556343578,0.463652465,2.961584122,0.0017377929999999998,0.000322953,0.683354,0.002706651,0.003921569000000001,0.002197405,0.002097439,0.00201461,0.001291811,0.000999616,0.000276572,0.000512337,0.002383699,HWJC,0.15017734759586449
1,1,1168,2.227902372,0.965535192,1,0.593495935,0.350281355,78.69342604,81.0246876,10.77032961,4.21620093,4.0,22.7254225,20.4817377,-89.17970605,204.7,0.8664688429999999,0.394909671,2.569857829,0.0016609,0.000492118,0.940171496,0.0027989240000000004,0.003921569000000001,0.002256627,0.002200221,0.002153018,0.001584006,0.000938101,0.000255125,0.0006559789999999999,0.002645137,HWJC,0.1539236193472002
1,1,530,1.560958563,0.925524296,1,0.697368421,0.564066549,42.93155170000001,41.10960958,8.485281374,3.470683884,3.16227766,17.00617053,16.25767343,11.64380947,108.662,0.905209223,0.214425234,1.219761668,0.0015609379999999998,0.000630527,0.072253838,0.00272203,0.003921569000000001,0.002356321,0.002301437,0.002322184,0.002060746,0.001045752,0.000121195,0.0007676839999999999,0.0027989240000000004,HWJC,0.0787163469703173
1,1,519,1.183684567,0.801601785,1,0.610588235,0.590277319,33.97479474,36.24913792,10.0,3.852441078,3.605551275,20.93378918,20.31211393,-27.64833746,105.114,0.903394256,0.181484055,1.13908501,0.001753172,0.000407535,0.039977492,0.002660515,0.003921569000000001,0.002297267,0.002194769,0.002206844,0.000999616,0.000968858,0.00023809900000000005,0.00061433,0.002568243,HWJC,0.07549232594980962
1,1,970,1.147114824,0.6305837470000001,1,0.592185592,0.661262603,42.0514071,44.20407221,13.60147051,5.1308370960000005,4.472135955,33.0991649,32.6369891,-45.38814585,135.77,0.91769158,0.25434834300000003,2.2210535190000003,0.001753172,0.000461361,0.160114355,0.0025836220000000003,0.003921569000000001,0.002291427,0.002289746,0.002260669,0.001645521,0.001045752,0.000156424,0.0006749260000000001,0.002660515,HWJC,0.09364769754837932
1,1,716,1.978396739,0.943178868,1,0.50997151,0.409574311,56.96700423,55.36244214,8.062257748,3.476168257,3.16227766,19.63562978,18.92930691,-80.76447445,148.216,0.7812329509999999,0.27706268300000003,1.577577904,0.001614764,0.00047674,0.418562005,0.003337178,0.003921569000000001,0.002216501,0.0022033210000000003,0.00201461,0.0011380239999999998,0.000968858,0.00030168,0.000750748,0.002629758,HWJC,0.0980656299027813
10,3,8286,8.231307724,0.96801274,1,0.117222647,0.055156635,403.3235186,347.0518693,20.02498439,4.994054385,4.0,142.77018859999995,101.1942932,56.35614805,1373.974,0.268542075,2.314586863,17.70629835,0.0017685510000000004,0.00035371,3.125277139,0.003798539,0.003921569000000001,0.00215913,0.002136893,0.002153018,0.000953479,0.000276817,0.00024307,0.000624342,0.002475971,MHC,0.9619832699012167
10,3,7664,8.003377333,0.992732966,1,0.154775128,0.120128679,391.5089784,328.8236609,19.23538406,6.149829792,5.385164807000001,63.9345214,47.11344576,66.52442184,895.3839999999999,0.467473848,1.574963588,16.18519104,0.001707036,0.000369089,0.0676484,0.003921569000000001,0.003921569000000001,0.002212028,0.002111846,0.002122261,0.001153403,0.000430604,0.000296248,0.0006594989999999999,0.002445213,MHC,0.9453482810820899
10,3,11999,1.084625568,0.71678618,1,0.683470039,0.373274342,149.0631908,155.54099140000002,47.38143096,17.16245562,15.0,109.3958467,103.9407243,8.38986818,635.57,0.888419961,1.040184623,24.90070114,0.00189158,0.00018454400000000005,0.568647585,0.003383314,0.003921569000000001,0.0020971460000000003,0.002075231,0.002076125,0.000630527,0.000415225,0.000243667,0.000346385,0.00224529,MHC,0.6327643337630099
4,3,6100,9.044056246,0.995790279,1,0.3618889420000001,0.06933183700000001,372.419706,344.9898548999999,12.08304597,4.1412352110000015,4.0,48.0,34.13632428,-89.14166982,1051.486,0.4701529920000001,1.87690901,13.49102705,0.0017377929999999998,0.000430604,3.240233356,0.00319877,0.003921569000000001,0.002247795,0.002211644,0.002306805,0.0011380239999999998,9.23e-05,0.000184457,0.000780228,0.002660515,MHC,0.9503047906315346
4,3,1531,2.218010607,0.962461327,1,0.49740091,0.319026941,89.63190702,80.22468448,11.18033989,4.536598162,4.123105626,30.70077112,24.32778936,76.34400381,245.572,0.7387213509999999,0.401814717,3.405628754,0.0017685510000000004,0.000384467,1.871870969,0.002445213,0.003921569000000001,0.002137312,0.002224447,0.0021683970000000003,0.001322568,0.0006612839999999999,0.000167213,0.0006771860000000001,0.0025374860000000003,HWJC,0.15378368206712276
4,3,2426,6.97915027,0.988436204,1,0.175720701,0.105297157,204.8895625,184.3827541,10.81665383,3.481769702,3.0,40.69827271,31.06889936,-75.15400618,538.0740000000002,0.411047103,0.929704029,5.385375092,0.001722415,0.000399846,0.342581259,0.0028143020000000003,0.003921569000000001,0.002167142,0.002219858,0.00224529,0.001091888,0.000584391,0.000183742,0.000736107,0.0025836220000000003,MHC,0.5278419141718965
4,3,6266,3.978665236,0.986171376,1,0.202921079,0.130079782,248.0572067,241.5988411,19.10497317,6.376566886,5.6568542489999984,50.16642743,41.11021033,60.77600443,778.028,0.59613738,1.334517586,13.34322248,0.001830065,0.000261438,0.504276601,0.0025836220000000003,0.003921569000000001,0.002155925,0.002129464,0.002076125,0.000968858,0.000615148,0.000207126,0.000524975,0.002337563,MHC,0.7889271996827593
6,3,5681,9.848140476000001,0.992390037,1,0.236471861,0.105862737,373.7893457,313.0766679,20.51828453,5.675950133,4.123105626,59.78022527,46.02622524,81.60443749,821.194,0.428528325,1.499715599,12.32352223,0.001830065,0.00035371,0.981645596,0.002706651,0.003921569000000001,0.002221801,0.002169252,0.002214533,0.001276432,0.000461361,0.00016277299999999998,0.000647561,0.002552864,MHC,0.9312066391851328
6,3,10255,8.59351046,0.988825046,1,0.104234428,0.069369791,467.4789477,439.62938939999987,28.44292531,6.414863723,5.0,75.24893155,69.69204551,51.88062065,1362.974,0.383751824,2.217070533,21.78320753,0.001845444,0.000276817,0.6964892840000001,0.00249135,0.003921569000000001,0.002142097,0.002124155,0.002153018,0.001445598,0.000845829,0.000133912,0.000487614,0.0023990770000000003,MHC,0.9934781041141233
8,3,9200,5.603644462,0.962595278,1,0.141268964,0.087935599,348.9548848,357.3639601000001,26.2488095,7.486610872999999,5.6568542489999984,96.50640899,94.54702538,62.98049764,1146.612,0.357698289,1.95394093,19.16827471,0.001830065,0.000246059,1.528830285,0.002599,0.003921569000000001,0.002166232,0.002083508,0.002076125,0.001276432,0.000615148,0.000190467,0.000460995,0.002322184,MHC,0.9722258450251727
4,4,5539,2.141443462,0.74424609,1,0.336063585,0.145433698,144.2723417,161.644672,16.97056275,5.80501069,5.385164807000001,96.98443624,96.3602906,-43.65682968,691.812,0.516745965,1.185082724,12.57753233,0.001968474,0.000261438,0.49521785,0.002860438,0.003921569000000001,0.002319144,0.002270723,0.002214533,0.001599385,0.000276817,0.000229383,0.000537165,0.00249135,HWJC,0.478472351768099
4,4,3135,1.682156009,0.918482106,1,0.426530612,0.376498527,107.6082242,106.51291,21.02379604,7.155906465,6.32455532,48.31544949,42.55502184,-25.8959958,323.476,0.79740557,0.588327598,7.410427097,0.002060746,0.000292195,1.10768497,0.003506344,0.003921569000000001,0.002325406,0.002363773,0.002306805,0.000799692,0.000307574,0.000308505,0.000668913,0.0026797390000000004,HWJC,0.26996137109513313
6,4,6423,1.619163512,0.888446126,1,0.460430108,0.285473276,147.6462501,156.5247584,28.17800561,9.624490096,8.602325267000001,82.62430399,67.76681101,-76.15451842,531.73,0.7080416690000001,0.924982749,14.66672897,0.002045367,0.000215302,1.285295391,0.003921569000000001,0.003921569000000001,0.002383976,0.00228347,0.002229912,0.0016609,0.000522876,0.000267019,0.000500405,0.002475971,MHC,0.517755950066254
8,4,4067,9.962036565,0.995594144,1,0.104603909,0.102377757,319.1048645,271.1825953,11.66190379,4.098221704,3.605551275,39.54489391,29.92159173,38.07243734,706.544,0.480931828,1.116908974,9.015778938,0.001799308,0.000369089,1.492354034,0.002629758,0.003921569000000001,0.002064527,0.002216813,0.0021683970000000003,0.0011380239999999998,0.0007843139999999999,0.000140902,0.00064273,0.002552864,MHC,0.838575617985197
10,6,3980,1.574384237,0.7948625859999999,1,0.343963357,0.20853527,107.83398490000002,132.849539,21.9544984,7.069982456,5.830951895,80.31816490000001,65.43252732,-3.527778677,489.73,0.585897247,0.82985011,8.399139248,0.001876201,0.000215302,0.446375624,0.002706651,0.003921569000000001,0.002178084,0.002110336,0.002076125,0.00130719,0.000430604,0.000218568,0.000511815,0.002306805,HWJC,0.37893125256617155
10,6,5927,7.007611917,0.987164408,1,0.13518075,0.131443359,320.4511704,277.9136557,14.86606875,5.248816047,5.0,63.22750414,51.1784004,37.21836415,752.7539999999998,0.444302849,1.306020856,13.19987753,0.0017685510000000004,0.000415225,1.285944202,0.002860438,0.003921569000000001,0.002176701,0.002227076,0.002183776,0.001245675,0.000430604,0.00017763900000000002,0.000758207,0.002599,MHC,0.8651988491657862
10,6,2744,3.175320591,0.947575375,1,0.302769502,0.11324801,141.6468646,160.6393476,13.60147051,4.06359545,3.16227766,54.55880672,45.26075244,9.910726918,551.8,0.488691006,0.949219594,6.076078695,0.001814687,0.000369089,0.243626664,0.002645137,0.003921569000000001,0.002202366,0.002214314,0.002260669,0.001030373,0.000307574,0.000214307,0.000702678,0.002552864,HWJC,0.4439285579473939
4,6,4456,14.47894456,0.997137463,1,0.107820364,0.060986237,403.269668,355.844067,12.72792206,3.455916177,3.0,50.06055948,30.49124134,-71.27779182,958.212,0.358041059,1.677677946,9.553787468,0.001830065,0.000276817,1.8018402,0.002522107,0.003921569000000001,0.002187325,0.002144028,0.002229912,0.00118416,0.000876586,0.000127645,0.000547842,0.002445213,MHC,0.9590328123826773
4,6,4821,7.766460574,0.911424549,1,0.128827962,0.092457296,284.953466,242.9917694,19.72308292,4.830973649,4.123105626,116.3448059,117.2490166,-39.44610048,809.4739999999998,0.263277176,1.2140562540000002,9.875264356,0.00201461,3.08e-05,0.772510503,0.002552864,0.002552864,0.002050771,0.002048385,0.002045367,0.001245675,0.001245675,7.41e-05,5.34e-05,0.002076125,MHC,0.8050332405352485
4,6,6963,12.17233179,0.960208984,1,0.102117737,0.046151151,446.4456642,385.8756276,12.16552506,3.652783899,3.16227766,129.2027618,124.6844545,67.17660519,1376.93,0.199905258,2.265005982,14.52661422,0.002045367,3.08e-05,0.6643731279999999,0.003629373,0.003921569000000001,0.002091418,0.002086258,0.002076125,0.001460977,0.000799692,0.000115682,9.82e-05,0.002122261,MHC,0.9767773008618035
4,6,1998,1.925907607,0.908904185,1,0.370686456,0.207248848,91.24943964,94.81033699,14.4222051,4.814829758,4.0,45.84501381,38.05147399,-41.06244204,348.0619999999999,0.65561936,0.5469896710000001,4.101238383,0.00201461,3.08e-05,0.11252116,0.002691273,0.002891196,0.002041006,0.002052672,0.002045367,0.0013994620000000002,0.001322568,0.000123811,9.85e-05,0.002076125,HWJC,0.20398830276325258
4,6,755,1.875393006,0.943318072,1,0.457575758,0.361149686,56.96147028,53.31041174,8.485281374,3.546349284,3.16227766,21.91346618,18.90494604,-25.3995742,162.082,0.795574289,0.26963478,1.58074601,0.002060746,4.61e-05,0.01554022,0.0023990770000000003,0.0025836220000000003,0.002106522,0.002093703,0.002091503,0.0013994620000000002,0.001276432,0.000124277,0.000132917,0.00213764,HWJC,0.09581496335411648
6,6,6368,8.015011011,0.988471308,1,0.11239366,0.06961354,355.6684533,329.6073422,18.97366596,4.814174919,4.0,74.20505018,53.85115675,35.85110044,1072.16,0.412916613,1.780992072,13.52432206,0.001783929,0.000292195,3.897744993,0.002429835,0.003921569000000001,0.002143191,0.002123794,0.002153018,0.001245675,0.00083045,0.000119599,0.0005405000000000001,0.002383699,MHC,0.9460031776759144
6,6,552,1.459905321,0.914875594,1,0.5287356320000001,0.518181882,42.0156463,41.61730409,8.062257748,3.600010178,3.16227766,17.19041433,16.96322321,54.62878068,115.7,0.920767306,0.185144192,1.241445657,0.00189158,0.000307574,0.051978767,0.002322184,0.003921569000000001,0.002103911,0.002248996,0.0021683970000000003,0.001906959,0.000768935,8.3e-05,0.00065619,0.002506728,HWJC,0.07866300213967971
6,6,3071,1.113147724,0.718460503,1,0.67882405,0.507548488,76.51138828,77.16216690000002,24.04163056,8.706430828,7.8102496760000015,55.68577914,53.21885479,-83.35407001,275.744,0.90058651,0.465467166,6.33723995,0.001937716,0.000107651,0.224367432,0.0023990770000000003,0.003921569000000001,0.002125421,0.002063575,0.002045367,0.001368704,0.000799692,0.00011675,0.00028058,0.002153018,HWJC,0.1936106442629503
8,6,809,2.8177382680000003,0.976324012,1,0.294825073,0.321924628,74.3913041,67.47592163,7.2801098889999984,3.154143225,2.828427125,18.27736314,16.09182497,-36.69721684,177.706,0.8065802590000001,0.320707439,2.033910109,0.001972319,0.000599769,0.743003425,0.003152634,0.003921569000000001,0.002290767,0.002514104,0.0025374860000000003,0.001353326,0.000230681,0.000257813,0.000931414,0.003168012,HWJC,0.11626581903578191
8,6,2010,3.73578961,0.971650633,1,0.286896945,0.193122905,134.34500419999998,114.5425685,10.44030651,3.932411654,3.605551275,40.71004049,31.76202497,17.84213288,361.648,0.571509809,0.672264547,4.431157396000001,0.0016224529999999998,0.000553633,0.4090018520000001,0.002752787,0.003921569000000001,0.002302276,0.002204556,0.002199154,0.001199539,0.00018454400000000005,0.000273177,0.0008341389999999999,0.00272203,HWJC,0.246487983302554
8,6,1689,1.560731154,0.827941192,1,0.459591837,0.277129709,71.3947035,75.2861209,17.11724277,5.445378744,4.123105626,45.30282722,40.03921541,4.389675536,276.744,0.67250647,0.499869304,3.511572618,0.0017685510000000004,0.000322953,0.424889259,0.002921953,0.003921569000000001,0.002261852,0.002079084,0.002045367,0.001214917,0.000292195,0.00033654199999999995,0.000531307,0.002414456,HWJC,0.16295873507018124
8,6,631,1.4881484530000002,0.915582668,1,0.586976744,0.582933041,45.37022202,45.31004304,8.94427191,3.854008152,3.605551275,17.91135153,18.24471842,-20.59384984,116.63,0.927259368,0.228050763,1.56650525,0.001691657,0.0008150710000000001,0.07798702,0.002768166,0.003921569000000001,0.002351039,0.002482576,0.002460592,0.001245675,0.000445982,0.000202489,0.000995662,0.0033217990000000003,HWJC,0.08518399789689082
8,6,854,1.467721361,0.8991967270000001,1,0.59887798,0.50101032,51.74395358,47.16990566,11.0,4.245059268,4.0,22.7158027,22.64028565,71.94589208,146.356,0.8393120390000001,0.27955403100000004,1.979500267,0.0015686270000000002,0.000692041,0.678212293,0.0027989240000000004,0.003921569000000001,0.002349194,0.002317916,0.002352941,0.001214917,0.000276817,0.000271342,0.000947321,0.002921953,HWJC,0.09207861693969244
8,6,1550,7.646559792000001,0.993985931,1,0.215277778,0.133076563,172.36765590000005,149.9133083,6.708203932000001,2.829760343,2.828427125,22.28434274,18.87561083,75.80655519,382.578,0.556353195,0.665405671,3.27063455,0.001876201,0.000215302,1.132703234,0.003829296,0.003921569000000001,0.0021258970000000003,0.002110087,0.00213764,0.001245675,0.0005690119999999999,0.000215001,0.000521933,0.002352941,HWJC,0.35451157033668185
8,6,2554,14.96835612,0.994629581,1,0.097018044,0.066494182,309.6793297,245.5402207,9.219544457000001,2.869063624,2.828427125,33.41758443,32.05143199,20.21301684,694.742,0.329378385,1.135747887,5.123937262,0.001814687,0.00016916599999999995,1.7743935380000002,0.002414456,0.003183391,0.002061248,0.00200624,0.002060746,0.001353326,0.000968858,0.00013728200000000002,0.000349452,0.002214533,MHC,0.7581512190757336
8,6,1377,4.172284059,0.978662568,1,0.309855986,0.139062413,118.2934689,106.976633,8.0,3.047533233,2.828427125,37.17645200000001,24.30623593,75.97019144,352.75,0.501730734,0.567366446,2.805505728,0.0017416379999999998,0.000246059,0.606048328,0.002460592,0.003291042,0.002055676,0.002037404,0.002106882,0.001584006,0.000799692,0.000133726,0.000419851,0.002291427,HWJC,0.21178375568446609
8,6,924,2.201342943,0.955106878,1,0.351732014,0.254076175,68.94576783,72.277244,9.486832981000001,3.539749852,3.0,24.20680133,20.42597382,17.53917241,213.776,0.727272727,0.330073071,1.799569491,0.001814687,0.00012303,0.274061171,0.002229912,0.002983468,0.001964721,0.001947586,0.001953095,0.001599385,0.0007843139999999999,0.000122921,0.00027368900000000003,0.002076125,HWJC,0.13148385114680322
2,2,3651,10.5308625,0.988183941,1,0.155388151,0.076682157,308.6236223,275.8350957,9.848857802000001,3.419877441,3.16227766,46.97264294,47.3035539,-13.73339348,773.5060000000002,0.376702435,1.288550655,8.149389079,0.001860823,0.000322953,4.815723783,0.0025836220000000003,0.003921569000000001,0.002133362,0.002232098,0.002229912,0.00141484,0.000553633,0.00015741,0.000669942,0.002522107,MHC,0.8454274089122993
2,2,4064,1.148953955,0.387245296,1,0.549486209,0.527000348,80.06746772,92.19544457,28.63564213,9.833023987999999,8.602325267000001,76.02631123,73.82034162,-14.72945284,311.298,0.923531417,0.564459863,9.232587828,0.001783929,0.000445982,0.722005914,0.003060361,0.003921569000000001,0.002196342,0.002271798,0.002229912,0.001322568,0.00070742,0.000210058,0.000699253,0.0026758940000000003,HWJC,0.2616778893487202
2,2,2185,2.336378482,0.964304045,1,0.298905609,0.241233759,110.0544842,117.3882447,15.0,5.218085866,4.472135955,34.06603068,29.14215078,46.52040449,337.374,0.794401018,0.5417609,4.7691813,0.001830065,0.000307574,0.300745821,0.0025374860000000003,0.003921569000000001,0.002175747,0.002182692,0.002183776,0.001691657,0.000722799,0.00015649999999999998,0.000579043,0.002460592,HWJC,0.2768393881451928
2,2,4478,8.592932733,0.99534497,1,0.133079735,0.07806274,310.9082402,273.3861738,14.31782106,4.060313,3.605551275,42.86014848,29.9641858,26.83737808,849.034,0.457873211,1.400046242,10.08827431,0.001983853,0.00018454400000000005,1.246763765,0.002414456,0.003921569000000001,0.002130968,0.002252853,0.0021683970000000003,0.001599385,0.000922722,0.000133395,0.0005136709999999999,0.00236832,MHC,0.8519580012340553
4,2,8471,8.822898102,0.981342985,1,0.118108809,0.058211836,427.4493603,375.1333096,18.78829423,5.041689414,4.0,105.2206875,82.18367877,-64.22551748,1352.28,0.281391177,2.603521847,20.71863213,0.002106882,0.000322953,1.2683673640000002,0.003367936,0.003921569000000001,0.002428658,0.002445831,0.002445213,0.001491734,9.23e-05,0.00017822200000000002,0.00069793,0.002752787,MHC,0.9753225397008342
4,2,2394,1.819843965,0.945331331,1,0.443826474,0.366585864,100.002494,100.7025322,19.0,6.721232183,6.403124237,41.01219331,32.61195781,52.12586568,286.47,0.8113878999999999,0.454978878,5.820715361,0.002060746,0.000338331,0.7710019140000001,0.002752787,0.003921569000000001,0.002369682,0.002431377,0.002383699,0.001553249,0.000430604,0.000174857,0.0007192489999999999,0.002752787,HWJC,0.23996373694377854
4,2,5604,12.84703433,0.993279347,1,0.088268649,0.079411062,424.3760718,343.7266356,16.55294536,4.348981162,3.605551275,62.13615136,49.11800197,41.42109135,941.702,0.360107955,1.553694855,12.83614052,0.001937716,0.00035371,1.819585787,0.0025374860000000003,0.003921569000000001,0.002131269,0.002290532,0.00224529,0.001291811,0.000645905,0.00014073,0.00071164,0.002645137,MHC,0.9547010054428731
4,2,2645,2.539708787,0.910486421,1,0.24738122,0.163834011,120.6756065,133.8431918,15.8113883,4.921443804,4.123105626,57.61031850000001,49.90406571,46.18478263,450.418,0.539025881,0.7486967090000001,5.766520857000001,0.001876201,0.000276817,0.5883618829999999,0.002475971,0.003921569000000001,0.002151427,0.002180159,0.002183776,0.0013994620000000002,0.000645905,0.00016429099999999998,0.000605882,0.002429835,HWJC,0.3459963300810154
9,2,5641,3.747234618,0.903938262,1,0.227093398,0.060951395,212.9007467,200.4120755,18.43908891,4.548261682,3.605551275,121.6485208,91.04976627,80.65670225,1078.428,0.325101576,1.913264251,12.14508316,0.0017685510000000004,0.00033833199999999994,0.372471191,0.003660131,0.003921569000000001,0.002237736,0.002153002,0.002260669,0.001153403,7.69e-05,0.000202545,0.000578717,0.002506728,MHC,0.6507547709880824
9,2,7643,2.396439172,0.963036936,1,0.40507738,0.263715979,208.1239127,214.3944962,29.68164416,9.732942405,8.246211251,66.89274493,56.06220841,12.25574754,603.488,0.715837782,1.105236515,16.48229212,0.001795463,0.00035371,0.097267527,0.003244906,0.003921569000000001,0.002232801,0.002156521,0.002153018,0.000968858,0.0,0.000291893,0.000593812,0.00249135,MHC,0.7519709105482009
2,3,3711,11.4193739,0.991599263,1,0.164378101,0.059825135,325.0779841,275.7462602,9.219544457000001,3.246232617,3.0,49.94694289,42.048183,-82.70730647,882.8939999999999,0.302815177,1.511587961,8.380208027,0.001937716,0.000276817,0.8608434090000001,0.002599,0.003921569000000001,0.002144096,0.002258207,0.00224529,0.001091888,0.000230681,0.00017019599999999998,0.000696083,0.002506728,MHC,0.842683650962867
2,3,1781,2.292504981,0.962821544,1,0.532595694,0.329623594,98.30425983,92.35799911,13.41640786,4.960617313,4.472135955,31.62982922,26.5557408,-9.95451251,260.572,0.751952713,0.420284537,3.717677999,0.001814687,0.000246059,0.504649964,0.002383699,0.003352557,0.002155305,0.00208741,0.002091503,0.001261053,0.000615148,0.000156448,0.000427477,0.002322184,HWJC,0.1919024495082187
2,3,1756,4.100517578,0.962003899,1,0.310357017,0.08767391699999999,130.4146714,122.4948979,7.071067812000001,2.657179656,2.236067977,43.22955261,35.60786214,-3.329283533,501.686,0.477888148,0.8901653820000001,3.623544983,0.001783929,0.00023068,0.06214091,0.002829681,0.002875817,0.002176443,0.002063522,0.00213764,0.0015224910000000002,0.001153403,0.000188276,0.000338472,0.002306805,HWJC,0.25799873809260054
2,3,1580,2.152560277,0.965073117,1,0.550330895,0.368726037,89.91182519,88.07383266,12.0,4.837582049,4.472135955,26.94851562,23.55516137,8.874744621,232.05,0.869325997,0.408396801,3.593556469,0.001753172,0.000461361,0.18605214,0.002506728,0.003921569000000001,0.002149457,0.002274403,0.00224529,0.0015224910000000002,0.0006612839999999999,0.000156403,0.00074549,0.0026758940000000003,HWJC,0.1752334493193117
2,3,4068,8.121138202000001,0.984110793,1,0.207816092,0.066528191,284.9752184,260.69330640000004,12.04159458,3.554583151,3.0,71.82355888,50.59891023,3.056371727,876.582,0.364271323,1.491933985,8.995555988,0.001830065,0.000292195,5.035288707,0.00342945,0.003921569000000001,0.002152863,0.002211297,0.0021683970000000003,0.0013994620000000002,0.000722799,0.000167983,0.0006453580000000001,0.002414456,MHC,0.8160630372370329
4,3,6099,8.563259061,0.984236182,1,0.11234527,0.061194019,358.3233495,302.61691960000013,14.31782106,4.270083838,3.605551275,79.02433141,63.372742,50.50055264,1119.128,0.353739524,1.924506082,13.38591366,0.001753172,0.000384467,0.6032193610000001,0.003921569000000001,0.003921569000000001,0.002235199,0.002194772,0.002276048,0.000415225,0.00016916599999999995,0.000255578,0.000697647,0.002552864,MHC,0.9078222222789882
4,3,2213,1.318158548,0.705510188,1,0.482345248,0.3955321670000001,70.25125848,77.62087348,19.31320792,6.509646842,5.830951895,54.3775972,49.78705128,33.71847603,265.158,0.7903571429999999,0.455209565,5.112018645,0.001722415,0.000522876,0.052235816,0.003490965,0.003921569000000001,0.002209755,0.002309995,0.002291427,0.000384468,0.000307574,0.000277235,0.000790841,0.002783545,HWJC,0.17725336787619592
4,3,13609,2.975622979,0.7636241990000001,1,0.13275519,0.033267694,269.2134872,374.3647954,36.05551275,8.619853379,5.6568542489999984,243.6841704,173.8206402,-48.01809055,2267.288,0.212150028,3.503683445,27.68905949,0.001799308,0.000215302,0.843582512,0.002460592,0.003921569000000001,0.002046544,0.002034614,0.002029989,0.000876586,0.000645905,0.000202156,0.000410967,0.002229912,MHC,0.9844975489857128
4,3,5457,1.045030177,0.6304405120000001,1,0.698540707,0.590355581,95.06060875,97.59098319,35.11409973,12.83009923,11.3137085,74.26508718,73.78961569,29.98322872,340.82,0.941917666,0.570534454,11.04084645,0.001876201,0.000138409,0.264602309,0.002352941,0.003798539,0.002120946,0.002023245,0.001999231,0.001599385,0.000861207,0.000138408,0.000262197,0.002153018,HWJC,0.3127485238605189
9,3,11551,1.966672685,0.825804942,1,0.322852032,0.114454766,209.0873111,254.6212874,32.64965543,9.326224881,7.0,138.704071,117.9160117,-45.29634095,1126.154,0.522102694,1.729196601,24.03340367,0.001783929,0.000261438,2.05573052,0.002706651,0.003921569000000001,0.0020585670000000003,0.002080634,0.002029989,0.001199539,0.000645905,0.000156951,0.000508759,0.002306805,MHC,0.873524142141231
9,3,1542,2.710715973,0.972657739,1,0.33398310600000003,0.34183712200000005,100.3553849,90.42676595,12.20655562,4.399930041,4.123105626,29.60997539,23.30685987,-26.59260467,238.088,0.795665635,0.389081156,3.651918646,0.001860823,0.000507497,0.794679592,0.002352941,0.003921569000000001,0.002069581,0.0023683000000000003,0.002276048,0.00083045,0.00070742,0.00014670299999999998,0.000827335,0.002891196,HWJC,0.18196398533937386
9,3,3465,6.222823338,0.987830885,1,0.13803681,0.108508495,231.06783430000004,210.793738,13.34166406,4.138706127,3.605551275,52.71287106,35.93839757,-41.4199001,633.4680000000002,0.443463237,1.003183467,7.469788855,0.001691657,0.000415225,1.4627912669999998,0.002983468,0.003921569000000001,0.002081294,0.002155783,0.0021683970000000003,0.000984237,0.0006920419999999999,0.00019595900000000005,0.00066973,0.0025374860000000003,MHC,0.6541993134794901
2,4,3407,2.740696182,0.979104775,1,0.28110561100000003,0.239042026,150.8399751,151.34397909999996,15.65247584,5.934394048,5.6568542489999984,37.61235335,30.67427939,52.56571568,423.208,0.788201272,0.657562524,7.480400242999999,0.001922338,0.000215302,1.835267603,0.002783545,0.003921569000000001,0.002177359,0.002195597,0.00213764,0.001645521,0.000891965,0.000145146,0.0005154630000000001,0.002352941,HWJC,0.41339723517672056
2,4,6112,9.739200602,0.987406249,1,0.234337858,0.07738091700000001,383.6981812,323.1253627,15.03329638,4.748550518,4.0,72.21889295,60.70306435,-88.90932442,996.276,0.315506917,1.73960797,13.39752469,0.001876201,0.000276817,1.5396378309999998,0.003921569000000001,0.003921569000000001,0.002216061,0.002192003,0.002183776,0.001445598,0.000645905,0.000278412,0.000589831,0.002429835,MHC,0.9346724284418311
4,4,7427,3.631720099,0.895130495,1,0.208559153,0.100071001,238.88641580000004,267.6863837,24.16609195,7.225410177,5.830951895,114.3579042,106.4965709,69.42886389,965.734,0.41400262,1.911649435,18.69207298,0.002291427,0.000215302,0.487729934,0.0030296040000000004,0.003921569000000001,0.002538711,0.002516773,0.002506728,0.0016301420000000002,0.000415225,0.00017716099999999998,0.000520541,0.00272203,MHC,0.8752105040112919
4,4,4839,2.371476475,0.961901324,1,0.294253573,0.225145564,164.59413700000005,163.97560790000003,21.47091055,7.361697884,6.403124237,49.93307536,44.99952003,39.78317038,519.698,0.707818328,1.016670553,12.21819345,0.002214533,0.000292195,0.522381594,0.002998847,0.003921569000000001,0.00249184,0.002524942,0.002522107,0.0017685510000000004,0.000430604,0.000180245,0.000544277,0.002783545,MHC,0.5054986842190565
4,4,7128,7.285976284,0.965894121,1,0.198662207,0.095606597,351.2830373,301.0863663,21.0,6.230107642999999,5.0,93.81010589,90.96029612,-6.706597867999999,967.932,0.313394447,2.022560625,17.96962772,0.002260669,0.000261438,0.78285579,0.003921569000000001,0.003921569000000001,0.002599692,0.002520992,0.0025374860000000003,0.001584006,0.000246059,0.000293034,0.000622055,0.002783545,MHC,0.9200528769105444
2,5,7447,3.272271583,0.941356636,1,0.247145891,0.070508671,235.5568568,280.7222827,25.45584412,6.651991816000002,5.0,105.41637450000002,79.47999825,-5.270615738,1152.058,0.399495735,1.888581467,15.87681768,0.00201461,0.00012303,0.098545267,0.00249135,0.003506344,0.002158379,0.002131975,0.002153018,0.001753172,0.001107267,0.00010284,0.000244328,0.002260669,MHC,0.898912786086618
2,5,3406,12.39760654,0.811709899,1,0.071359732,0.036005765,282.5606911000001,268.3300207,10.63014581,2.705307444,2.236067977,157.6276834,165.03262859999995,55.38161804,1090.288,0.143034121,1.809381134,7.331765126,0.00189158,0.000184545,0.817688165,0.003921569000000001,0.003921569000000001,0.002121197,0.002152603,0.00213764,0.001091888,0.000645905,0.000370955,0.000557139,0.002291427,MHC,0.8429286446860461
2,5,1986,4.322167406,0.989822117,1,0.212451861,0.195973899,146.1119761,131.3697073,11.66190379,3.988604018,3.605551275,27.48169667,20.7932165,52.04184908,356.858,0.693435754,0.578131533,4.349834883,0.001760861,0.00033833199999999994,1.163612851,0.003921569000000001,0.003921569000000001,0.002232168,0.002190249,0.002183776,0.0017377929999999998,0.0008150710000000001,0.000419007,0.000643227,0.002460592,HWJC,0.30944271540890456
2,5,1090,6.4019683910000005,0.990299492,1,0.293010753,0.109287616,131.810588,124.9519908,7.0,2.555239374,2.236067977,22.40527935,18.31499298,-6.119090451,354.024,0.488789238,0.5853595189999999,2.233864026,0.001830065,0.000215302,0.510049458,0.00249135,0.002860438,0.002098063,0.002049417,0.0021683970000000003,0.001199539,0.000891965,0.00017844,0.000412468,0.002337563,HWJC,0.2633006692055622
4,5,14470,4.693607333,0.96329796,1,0.159938987,0.106901388,400.7591773,411.6114673,43.01162634,12.17762447,8.94427191,136.0091899,107.5775589,37.52814956,1304.21,0.427777449,2.162768317,31.524061600000003,0.001953095,0.00023068,0.709751329,0.002752787,0.003921569000000001,0.002206906,0.002178581,0.002183776,0.001353326,0.000384468,0.000163291,0.000485231,0.002414456,MHC,0.992729588659212
4,5,7621,8.104683978999999,0.987034692,1,0.106566546,0.065887401,390.7086708,372.83910739999993,15.0,4.818863254,4.242640687,82.60848409999998,62.71150104,41.65938205,1205.618,0.38460762,2.044521475,16.39103509,0.001906959,0.000215302,0.655369832,0.0026758940000000003,0.003921569000000001,0.002175023,0.002150772,0.002106882,0.001337947,0.000599769,0.000194437,0.000492011,0.002337563,MHC,0.9715375767465553
9,5,5057,4.384525019,0.973541524,1,0.316557121,0.144066371,231.1779872,212.7627787,20.09975124,5.91218514,5.0,71.92052239,52.82652265,87.04131492,664.1560000000002,0.503384432,1.156155407,10.91144991,0.001753172,0.00035371,1.44082601,0.0025374860000000003,0.003921569000000001,0.002198014,0.002157692,0.002183776,0.0013994620000000002,0.000276817,0.000154714,0.0005977,0.002475971,MHC,0.7001007566305351
2,6,7258,10.53647091,0.993317936,1,0.125224293,0.08834103300000001,437.3908261,327.56678710000006,21.84032967,6.075605509,5.0,63.39403239,50.47929339,42.61076276,1016.09,0.431843875,1.734133141,16.5896048,0.001999231,0.000261438,5.484620552000001,0.002629758,0.003921569000000001,0.0022492,0.002285699,0.002276048,0.001384083,0.000522876,0.000151032,0.0005736890000000001,0.002522107,MHC,0.9475434288839729
4,6,6102,1.138113174,0.6428935579999999,1,0.577840909,0.3737766970000001,105.4148654,119.80818,35.73513677,12.0159588,10.19803903,86.74187147,80.74309903,33.72834542,452.934,0.8650411109999999,0.788712082,13.69116565,0.00201461,0.000215302,0.23365953,0.002660515,0.003921569000000001,0.002312939,0.002243718,0.00224529,0.001614764,0.000369089,0.000146113,0.00040343,0.002445213,HWJC,0.4064582574281051
4,6,8108,7.185701632000001,0.990902003,1,0.164495841,0.081316922,380.8878354,334.31123219999995,15.8113883,5.283440436,5.0,76.34581326,51.26192798,22.85376702,1119.364,0.418736766,2.07397166,19.66986616,0.002029989,0.00035371,0.367568095,0.0027989240000000004,0.003921569000000001,0.002381139,0.002425983,0.002414456,0.000615148,0.000215302,0.000158152,0.00066044,0.002752787,MHC,0.9462143230490142
4,6,12041,6.342284602,0.990689694,1,0.152680564,0.120760553,435.9683082,368.1439936,31.32091953,8.962745375,7.2801098889999984,95.29924182,59.35245341,55.38039813,1119.37,0.4723905920000001,1.848612207,25.59786377,0.001906959,0.000199923,0.87263157,0.003583237,0.003921569000000001,0.002134656,0.0021258920000000003,0.002091503,0.000738178,0.000615148,0.000213079,0.000478766,0.002291427,MHC,0.9789142933059077
4,6,3924,2.175048481,0.930597641,1,0.3847058820000001,0.20864549,138.2093482,148.5294584,19.72308292,6.307265922000001,5.521009528,53.79549804,50.59066894,22.33805567,486.144,0.693531283,0.779546387,8.604906191,0.001830065,0.000322953,0.634943854,0.002599,0.003921569000000001,0.002153443,0.002192891,0.0021683970000000003,0.001384083,0.000584391,0.00015152200000000002,0.0006144459999999999,0.002475971,HWJC,0.42910814447835
4,6,4000,3.107747923,0.959475894,1,0.246548323,0.183281224,170.9346556,191.5411183,21.0,6.04160334,5.099019514,60.38412484,48.16779911,16.05565724,523.692,0.55877628,0.905544091,8.806751713999999,0.001906959,0.000246059,2.135214952,0.002445213,0.003921569000000001,0.002150936,0.002201688,0.00213764,0.0011380239999999998,0.000676663,0.000149082,0.000648658,0.002383699,MHC,0.6212559949599937
9,6,8695,4.184992724,0.799876266,1,0.17559271399999998,0.090367026,260.4656352,269.69983310000003,25.17935662,7.072457266,5.6568542489999984,177.9069562,156.32234319999995,80.93472088,1099.6,0.321073816,1.78249918,18.56745955,0.001830065,0.000276817,4.340885227,0.002460592,0.003921569000000001,0.002094594,0.002135418,0.002091503,0.001276432,0.000430604,0.000153603,0.000550672,0.00236832,MHC,0.8856330846306218
9,6,5585,4.691684685,0.969305618,1,0.185517356,0.092336924,250.327299,241.8677324,16.03121954,4.716632784,4.242640687,69.77565469,61.54520422,-56.18402220000001,871.824,0.435630436,1.466712915,12.75569451,0.001906959,0.000384467,1.910665766,0.0032295270000000003,0.003921569000000001,0.002144317,0.00228392,0.00224529,0.001168781,0.000369089,0.000174332,0.000744905,0.0026758940000000003,MHC,0.7799717000754366
4,2,63642,8.907494365,0.995987268,-4,0.390789352,0.076121473,1193.816894,992.2283003,52.0,14.85201088,13.03840481,149.8453674,106.840692,-87.32693183,3241.33,0.524612056,5.803621055,146.8600129,0.002121563,0.000146235,2.82968505,0.002503786,0.003921569000000001,0.002275038,0.002307596,0.002251397,0.002041753,0.001474482,5.78e-05,0.000319592,0.002422513,MHC,0.9999997683535101
4,2,7793,1.903191109,0.894747805,1,0.281437342,0.128221029,177.12126909999995,194.0412327,27.65863337,8.639499287000001,7.2111025510000015,94.25143113,79.09736252,24.22354418,873.932,0.5205049429999999,1.56132814,17.60465199,0.002122701,0.00013835,0.5556096429999999,0.0024783360000000003,0.003232949,0.002299452,0.002259034,0.002264438,0.002072645,0.001458638,7.54e-05,0.00024032,0.002400193,MHC,0.6732975026035856
4,2,7437,2.820210668,0.970055145,1,0.204582967,0.135863445,224.1259602,289.9465468,27.51363298,9.246120589,7.615773106000002,64.39401972,54.43678431,67.39703467,829.378,0.622968671,1.488634553,16.93422664,0.002083239,0.00017015900000000002,0.910512492,0.00248736,0.003092495,0.002315139,0.002277024,0.002306076,0.002084947,0.00146243,6.29e-05,0.000279821,0.002434614,MHC,0.9149777445657552
9,2,10586,5.264439332,0.974551207,1,0.21228042,0.119719513,366.7834742,310.8311439,32.984845,9.492873513,7.2111025510000015,96.42869416,82.2200161,-61.00940085,1054.116,0.448635362,2.227527867,31.686644,0.0028143020000000003,0.00016916599999999995,0.7782404829999999,0.003660131,0.003921569000000001,0.0029939890000000003,0.0029932590000000003,0.002968089,0.001876201,0.0016609,0.00015929100000000002,0.000409969,0.003152634,MHC,0.9475721855581133
4,3,11728,2.303256831,0.862893336,1,0.30824222,0.18757303600000005,233.6061529,238.4156035,34.66987165,10.65484833,9.219544457000001,136.65996719999998,118.0612982,19.94318794,886.404,0.579661436,1.60269798,26.51220399,0.0021233420000000003,0.000132425,0.108116117,0.002645373,0.002968206,0.002309363,0.00226059,0.002267058,0.001973143,0.0015117479999999998,8.109999999999999e-05,0.000209526,0.002388811,MHC,0.845269233145533
4,3,49607,1.6403025569999998,0.905216465,0,0.419261325,0.191338456,418.010584,419.58670139999987,63.50590524,22.99318213,19.92485885,220.0520336,177.6339171,17.47365354,1804.992,0.694936505,3.231628788,111.7734413,0.002187131,6.49e-05,0.434476844,0.0027476,0.003166004,0.002291935,0.002253179,0.002246781,0.001669304,0.0015430029999999998,7.43e-05,0.000153336,0.002318189,MHC,0.9963309153814327
4,3,44172,6.735329038,0.995195982,1,0.152968677,0.084253725,864.2042238,796.0584149,36.76955262,13.11959557,12.04159458,107.246254,84.60800911,-25.74605043,2566.752,0.591218454,4.558252304,105.9910967,0.002164635,0.000200829,1.4558163219999998,0.002837476,0.003921569000000001,0.002320902,0.002399509,0.002377455,0.002125121,0.00153912,6.06e-05,0.000358268,0.002568477,MHC,0.9999895239122845
4,3,13848,2.090484175,0.959185979,1,0.450737233,0.261438712,260.725573,242.04338450000003,35.60898763,13.37547499,12.36931688,84.76867548,73.72693043,-20.87240206,815.8560000000001,0.7960679490000001,1.410593484,32.47761869,0.002169859,0.000172843,0.817189471,0.002389363,0.0034543440000000003,0.002275151,0.002345293,0.002334411,0.002140091,0.001570928,4.28e-05,0.000293402,0.002515774,MHC,0.8517976859343537
4,3,10416,7.562311195,0.981950024,1,0.140513706,0.104560742,439.0723336,373.4715518,28.0713377,7.619803897000001,5.830951895,109.65304240000002,83.046385,-56.17733306,1118.848,0.382589532,1.756709096,22.04089304,0.001860823,0.000199923,10.64570239,0.0023990770000000003,0.003921569000000001,0.002003089,0.002116061,0.002029989,0.001430219,0.000645905,8.77e-05,0.00057191,0.002291427,MHC,0.9796005203383058
4,3,1356,2.640463005,0.962156336,1,0.33664349600000004,0.310964814,92.00904041,87.46427842,10.29563014,4.1505817889999985,4.0,28.97619807,25.07228367,-32.53815565,234.088,0.729620662,0.348296833,3.261745637,0.001937716,0.000430604,1.903353179,0.00224529,0.003921569000000001,0.001990268,0.002405417,0.00224529,0.001707036,0.0007535560000000001,0.000100331,0.000847813,0.002891196,HWJC,0.1680664639136541
4,3,5661,6.48896358,0.992572938,1,0.168457075,0.12945107,302.9547282,264.09278670000003,16.55294536,5.098724914,5.0,47.54956984,36.85474156,-27.57612596,741.308,0.5812711779999999,1.192418397,12.70991216,0.001783929,0.000399846,2.646709102,0.003921569000000001,0.003921569000000001,0.002045315,0.002245171,0.002122261,0.000984237,0.000599769,0.000250796,0.0007444760000000001,0.0025836220000000003,MHC,0.838462027514002
4,6,8799,5.699911192999999,0.983982084,1,0.301314978,0.135502238,351.0544565,321.3751702,29.41088234,7.548335815,6.0,81.44891853,62.58155872,-80.1366709,903.334,0.514516271,1.457516443,18.02402229,0.0016762779999999998,0.00035371,4.511627526,0.002445213,0.003921569000000001,0.0019696170000000003,0.0020484170000000003,0.00201461,0.000645905,0.0,0.000242479,0.000700998,0.00236832,MHC,0.951535416459375
4,6,7219,2.282070568,0.930321709,1,0.437780473,0.179720601,191.9298423,194.2498391,23.53720459,7.272419976,6.708203932000001,83.70534728,70.38921117,8.22429264,710.4680000000002,0.622810801,1.138100801,13.95681719,0.0016301420000000002,0.000261438,0.6097681939999999,0.003921569000000001,0.003921569000000001,0.001972445,0.001933345,0.00189158,0.001030373,7.69e-05,0.000301605,0.000565411,0.0021683970000000003,MHC,0.650405088252329
4,6,3933,1.5835506,0.8694251159999999,1,0.494468192,0.347177036,112.7386825,110.3449138,19.10497317,7.484135065,7.0,66.06174851,55.70020781,-18.5589838,377.304,0.717308043,0.633325695,8.548820039,0.001799308,0.000369089,0.11635926,0.002506728,0.003921569000000001,0.002083308,0.002173613,0.002122261,0.001261053,0.000153787,0.000147991,0.0007134439999999999,0.0025374860000000003,HWJC,0.2761683268074125
4,6,9244,14.18164744,0.997634013,1,0.236419437,0.069782031,575.0805596,463.4706032,16.15549442,4.873123324,4.472135955,54.4484762,39.53600686,-4.970089703,1290.218,0.409733611,2.315786389,20.34459138,0.001645521,0.0004921190000000001,2.958335117,0.003921569000000001,0.003921569000000001,0.002174447,0.002200843,0.002153018,0.000261438,0.000153787,0.00037801,0.0008189439999999999,0.002645137,MHC,0.9940796503820266
4,6,7331,3.027570385,0.974613605,1,0.42871345,0.231572032,231.5251784,226.41775550000003,28.31960452,8.728177571,7.615773106000002,74.92680042,51.83699325,8.255432518,630.73,0.663799348,1.159400311,16.53004312,0.001922338,0.000261438,3.000285337,0.003921569000000001,0.003921569000000001,0.002200001,0.002254814,0.002153018,0.000953479,0.000276817,0.000343985,0.0006501640000000001,0.00249135,MHC,0.7829880007507264
4,6,9598,1.440404868,0.695297747,1,0.370207514,0.17155571600000002,152.0873955,175.0942603,32.06243908,9.90692945,7.8102496760000015,137.2139115,109.3085284,-34.57281812,838.48,0.63192547,1.455732513,20.49394954,0.001876201,0.00023068,1.4869236419999998,0.003767782,0.003921569000000001,0.002182508,0.002135231,0.002091503,0.0007535560000000001,0.00018454400000000005,0.00024788,0.000501854,0.002337563,MHC,0.6275809058521054
4,6,3308,6.0949053310000005,0.987067125,1,0.155086732,0.162728509,223.279264,194.9051051,12.04159458,4.261737238,4.123105626,41.4524524,35.79333765,-44.18817482,505.424,0.496212405,0.886074644,7.507943356,0.001814687,0.00047674,0.8224729740000001,0.003737024,0.003921569000000001,0.002220738,0.002269632,0.002306805,0.000738178,0.000261438,0.000331564,0.00071643,0.002768166,MHC,0.5814048181203406
4,6,10791,1.073433689,0.642046494,1,0.644970414,0.492684189,136.0643267,143.0139853,48.79549160000001,17.04365319,15.0,108.5992376,104.3158526,-6.673056085,524.628,0.8998499,0.90729726,22.36825971,0.001906959,0.00016916599999999995,0.178628263,0.002445213,0.003921569000000001,0.002170568,0.002072863,0.002060746,0.0015071129999999998,0.000384468,0.00014729,0.000280093,0.002229912,MHC,0.5889133807048669
4,6,2054,2.307471446,0.967716832,1,0.378408254,0.355190009,106.3737421,103.3537614,12.36931688,5.304955712,5.0,30.17253179,26.81043193,-23.04059496,269.572,0.807866273,0.491657085,4.984098621,0.001806997,0.0005690119999999999,0.678039747,0.003921569000000001,0.003921569000000001,0.002375155,0.002426533,0.002352941,0.0008150710000000001,0.000338331,0.000505603,0.000869558,0.00295271,HWJC,0.21916914332247572
4,6,7155,7.411566672,0.980406359,1,0.13474576300000002,0.079317361,359.7561879,323.2785176999999,15.0,4.484517282,4.123105626,95.84893097,70.86682927,24.89062341,1064.696,0.331495552,2.0019070880000003,16.49133472,0.001722415,0.000553633,1.6378193680000002,0.003275663,0.003921569000000001,0.0022544,0.002304869,0.002322184,0.000599769,0.00035371,0.000227873,0.000830659,0.0028143020000000003,MHC,0.9352765724354916
4,6,7836,6.159455414,0.978777243,1,0.185735618,0.11776666,342.6949649,299.527962,25.29822128,6.741943336,5.6568542489999984,90.47974172,70.22747874,-68.60206015,914.41,0.468030461,1.659884756,18.69242683,0.002060746,0.000292195,1.110585881,0.003921569000000001,0.003921569000000001,0.002324769,0.002385455,0.002306805,0.001584006,0.000722799,0.00025933,0.0006310280000000001,0.002660515,MHC,0.9243305106966166
4,6,4040,3.02163151,0.956750484,1,0.248416651,0.164340562,168.9835939,166.0120478,15.55634919,5.411095095,5.0,63.94471467,49.15898352,-45.6873438,555.806,0.527174268,1.019284953,9.742607032,0.001860823,0.000507497,0.194429285,0.003921569000000001,0.003921569000000001,0.002321834,0.002411536,0.002383699,0.001584006,0.00070742,0.000324476,0.000767385,0.002875817,HWJC,0.4796931269439477
4,6,7322,14.84670774,0.997073108,1,0.16913836899999998,0.073249564,523.3975545,400.6706877,21.37755833,5.440866852999999,4.242640687,53.21841786,40.01584428,-12.68095312,1120.772,0.381990818,1.964521455,17.28830517,0.001937716,0.000415225,3.1329798760000003,0.003921569000000001,0.003921569000000001,0.002316653,0.002361145,0.002337563,0.000938101,0.0006920419999999999,0.000225823,0.0007096030000000001,0.002768166,MHC,0.9845095034503957
4,6,6848,7.037099787000001,0.992994938,1,0.196781609,0.107763996,347.12199560000005,315.5978454,15.55634919,5.195455489,5.0,55.03508714,41.01485832,-77.22014682,893.6139999999998,0.482066805,1.200999643,12.24049259,0.001337947,0.000399846,1.069238628,0.002029989,0.003921569000000001,0.001691549,0.001787455,0.0017685510000000004,0.001153403,0.000261438,0.00011971,0.000678217,0.002122261,MHC,0.9259581687295332
4,6,4080,6.523205622000001,0.990641613,1,0.166015625,0.147537496,257.4034504,221.9234102,13.0,4.588077142,4.242640687,45.36738626,35.13269017,-28.6265029,589.5,0.499082569,0.7820223140000001,7.869988761,0.0013994620000000002,0.000415225,1.151967711,0.001968474,0.003921569000000001,0.001685393,0.001928919,0.0017685510000000004,0.001230296,0.000292195,0.000101002,0.0008341280000000001,0.00224529,MHC,0.6949117499511256
4,6,2532,1.51651088,0.852782065,1,0.4715962,0.381719103,87.54429453,90.52071586,18.86796226,6.682563291,6.0,53.06081042,45.72149029,-24.69237347,288.712,0.817169598,0.418454451,4.666128573,0.001491734,0.000261438,1.416656762,0.003921569000000001,0.003921569000000001,0.001835327,0.001842863,0.0017377929999999998,0.0007535560000000001,0.00035371,0.0005599,0.000696729,0.002029989,HWJC,0.21022394603058947
4,6,3163,2.338975036,0.961514779,1,0.363062443,0.315034597,132.1333669,132.0037878,19.23538406,6.56151134,5.830951895,45.89441359,36.30406751,63.75230354,355.202,0.774201444,0.468527498,5.492549215,0.001368704,0.000307574,0.96269708,0.001968474,0.003921569000000001,0.001673312,0.0017364999999999998,0.001691657,0.001353326,0.000338331,9.22e-05,0.000639514,0.001983853,HWJC,0.3549569883966741
4,6,2368,1.31682312,0.844948048,1,0.535746606,0.388629331,78.49358391,84.21401309,18.97366596,6.989283475,6.08276253,47.66423513,41.98216668,-76.11753772,276.712,0.8189521009999999,0.340761251,3.995417229,0.001476355,0.000153787,1.253434203,0.001953095,0.003921569000000001,0.001638275,0.001687254,0.001614764,0.001168781,0.000399846,0.000137922,0.000515127,0.0017685510000000004,HWJC,0.19244395991994287
13,2,17483,2.846377587,0.644562245,1,0.22142432,0.099850504,282.1944725,312.7059321000001,37.20215048,9.767072318,7.8102496760000015,260.5570262,215.7523025,2.561048526,1483.33,0.3698579420000001,2.648981311,38.14626845,0.001830065,0.000322953,3.672519583,0.002875817,0.003921569000000001,0.002303462,0.002181906,0.002122261,0.000984237,9.23e-05,0.000233168,0.000582838,0.002475971,MHC,0.9582933611834239
2,2,2228,2.876918715,0.970127163,1,0.4047965120000001,0.252343098,123.9587419,128.5651586,13.15294644,4.875669796,4.123105626,34.04965409,30.07201466,-8.367652054,333.094,0.72115229,0.604167661,5.245321242,0.001860823,0.000430604,0.420162145,0.0029065740000000003,0.003921569000000001,0.002271307,0.002354273,0.002306805,0.000845829,0.000276817,0.00025794,0.000755852,0.002706651,HWJC,0.3082020129595581
2,2,2128,2.354435133,0.928986755,1,0.303133903,0.206499576,105.78040959999998,112.2719912,13.60147051,4.509060222,4.0,47.49362720000001,39.15070126,26.86791882,359.858,0.594247417,0.660884309,4.82342193,0.001707036,0.000507497,0.566075894,0.003275663,0.003921569000000001,0.002351901,0.002266646,0.002276048,0.001276432,0.000215302,0.000248248,0.000781754,0.00272203,HWJC,0.2544017290543941
2,2,2266,1.3491388619999998,0.834553885,1,0.462543376,0.381238597,77.20025069,85.27602242,18.0,6.538508042999999,5.6568542489999984,44.62378858,42.53165028,-55.92716357,273.298,0.784083045,0.49636296,4.960307797,0.00189158,0.000292195,0.272302431,0.003214148,0.003921569000000001,0.002297977,0.002189015,0.002214533,0.000907343,0.000153787,0.00033763900000000004,0.00050113,0.00249135,HWJC,0.19175991304431889
2,2,2446,2.207715173,0.962893107,1,0.631062951,0.324701819,113.0441298,113.7453296,14.0,5.762845067000001,5.099019514,30.39118718,30.50869527,0.59712657,307.6740000000001,0.80039267,0.621684,5.9468975560000015,0.001722415,0.000692041,0.6449339,0.003921569000000001,0.003921569000000001,0.002437976,0.002431275,0.0023990770000000003,7.69e-05,7.69e-05,0.000591423,0.000924701,0.003098808,HWJC,0.25983962453184684
2,2,2460,2.023265741,0.901886131,1,0.342809365,0.246888955,103.206536,116.18089340000002,16.97056275,5.646857783,5.0,54.25297424,44.58252465,41.82794476,353.852,0.674434544,0.66120726,5.915509648,0.001876201,0.000492118,0.251994559,0.003921569000000001,0.003921569000000001,0.002311913,0.002404679,0.002352941,0.0007535560000000001,0.000246059,0.00040439,0.000806818,0.002860438,HWJC,0.2846147952811927
2,2,1100,1.270638038,0.827011397,1,0.5717255720000001,0.502177699,51.98722861,51.15662225,13.03840481,5.072501542,4.472135955,30.29958833,29.22644821,21.10272602,165.91,0.885311871,0.303806246,2.804152352,0.002045367,0.000553633,0.832817018,0.002891196,0.003921569000000001,0.002336971,0.002549229,0.002506728,0.001584006,0.000215302,0.000176187,0.000876432,0.003137255,HWJC,0.10297162042526091
2,2,2079,4.678140939,0.980642874,1,0.360687023,0.161644299,154.1648716,130.3840481,14.56021978,4.383341371,3.605551275,42.27453232,30.18623523,-83.71776211,402.024,0.540140296,0.774056172,5.037524205,0.001906959,0.000507497,0.760684426,0.003921569000000001,0.003921569000000001,0.002317533,0.002423052,0.002475971,0.000261438,0.000138408,0.000390919,0.000910947,0.002941176,HWJC,0.322383210989422
2,2,1346,1.500175364,0.896019043,1,0.450167224,0.42031583,65.48815146,68.35202996,14.14213562,5.202081412,5.0,32.49758355,29.07776247,27.15646843,200.604,0.8636509459999999,0.352618243,2.985175043,0.001722415,0.000430604,0.167350125,0.0033217990000000003,0.003921569000000001,0.0023198570000000003,0.002217812,0.002214533,0.001199539,0.000261438,0.000275288,0.0006742510000000001,0.002575932,HWJC,0.13731829928279227
2,2,1973,1.11022678,0.731527796,1,0.643089961,0.569202869,61.6626355,62.28964601,19.20937271,7.324049652,6.403124237,44.82856232,42.04230131,61.42082077,208.706,0.888138645,0.382222244,4.396524605,0.001922338,0.000322953,0.421298279,0.002768166,0.003921569000000001,0.002302544,0.002228345,0.00224529,0.0015224910000000002,7.69e-05,0.000192255,0.00063146,0.002552864,HWJC,0.14044352497400778
2,2,3480,1.398789669,0.8475124359999999,1,0.54230949,0.433894079,98.20955726,99.16148446,22.84731932,8.32485291,7.8102496760000015,58.66518366,52.12723043,69.48789837,317.47,0.8279800140000001,0.524921215,7.576286372,0.001830065,0.000307574,0.37242865,0.002875817,0.003921569000000001,0.002252881,0.002177094,0.00213764,0.001245675,0.0,0.000251341,0.000557777,0.002460592,HWJC,0.2550492014314822
2,2,1662,1.972028628,0.927081956,1,0.488249119,0.224224575,85.44490867,92.57429449,12.36931688,4.699877623,4.0,35.57990179999999,32.02976762,2.6099611190000003,305.196,0.657566766,0.55652444,3.760399979,0.0016685889999999998,0.000522876,0.206645322,0.002783545,0.003921569000000001,0.002338338,0.002262575,0.002322184,0.000953479,0.0,0.000285903,0.0008320160000000001,0.002752787,HWJC,0.18927306427414478
2,2,2376,1.449802918,0.5095026429999999,1,0.290820073,0.16215379800000002,70.91818166,103.754518,19.72308292,6.180140061,5.0,64.56836957,61.02290331,-38.26896392,429.106,0.553523588,0.79410999,5.80569036,0.002153018,0.000261438,0.203675488,0.003091119,0.003921569000000001,0.002443415,0.002443472,0.0023990770000000003,0.001322568,0.000799692,0.000310074,0.000525449,0.002691273,HWJC,0.25737930547193816
2,2,2473,1.7593446169999998,0.914277411,1,0.591626794,0.203215146,97.42879,95.35197953,26.30589288,7.586292222999999,6.0,43.0,39.46729716,-87.46419258,391.056,0.73655994,0.573856232,5.887551215,0.00213764,0.00023068,0.5376076870000001,0.002998847,0.003921569000000001,0.002431594,0.002380732,0.002337563,0.000968858,0.000968858,0.000322114,0.00041278,0.002614379,HWJC,0.25628894622093906
2,2,4152,1.619722802,0.914724193,1,0.469470828,0.206472997,121.1437866,138.88484440000002,22.13594362,7.16013884,6.08276253,57.39986583,48.9516321,-11.09133606,502.692,0.7258106809999999,1.000492151,10.23713995,0.002091503,0.000338331,0.402341687,0.003367936,0.003921569000000001,0.002545782,0.002465592,0.002445213,0.001076509,0.000799692,0.000291295,0.000551994,0.002768166,HWJC,0.40195311822452623
2,2,1415,3.445854701,0.983157648,1,0.39349277,0.17154523300000002,109.4477342,117.0854389,10.44030651,3.83528991,3.16227766,22.17546273,20.00261445,80.32820354,321.954,0.728255275,0.6275894089999999,3.5341023610000004,0.00189158,0.0005382540000000001,0.7289052290000001,0.0030296040000000004,0.003921569000000001,0.002520439,0.002497599,0.002614379,0.001199539,0.0006612839999999999,0.000323383,0.0007790189999999999,0.002983468,HWJC,0.253066653802137
2,2,1593,1.905107502,0.8232850829999999,1,0.331875,0.223879097,76.37349518,80.65977932,13.15294644,4.369311392,3.605551275,48.26458938,43.35174273,37.31885670000001,299.024,0.573434125,0.5928643020000001,3.943406503,0.001999231,0.000430604,0.20770735,0.003168012,0.003921569000000001,0.00255545,0.002475459,0.0025374860000000003,0.001214917,0.0007843139999999999,0.000258304,0.0006886619999999999,0.002891196,HWJC,0.1631292865344783
2,2,1855,1.416818139,0.759574393,1,0.429398148,0.181676086,68.51746572,82.00609733,17.11724277,5.096017117,4.123105626,51.98970991,44.56515983,-9.728391125,358.202,0.6649937260000001,0.663267997,4.508512256,0.002045367,0.00035371,0.229031981,0.00307574,0.003921569000000001,0.002493489,0.002430465,0.00249135,0.001261053,0.000738178,0.000309772,0.000573116,0.002783545,HWJC,0.180145972511319
2,2,1361,1.295526177,0.822124628,1,0.544182327,0.395510934,58.19877595,62.09669879,14.86606875,5.385844447,5.0,35.40094082,33.13300307,70.89650485,207.948,0.871597823,0.385005784,3.32879676,0.002183776,0.000246059,0.38657946,0.003214148,0.003921569000000001,0.0024522660000000003,0.002445846,0.0023990770000000003,0.001691657,0.000768935,0.000245866,0.000553612,0.0026758940000000003,HWJC,0.1271454537118771
2,2,1126,1.342399136,0.8009719059999999,1,0.393431167,0.296285382,53.20905542,66.46803743,14.14213562,4.758213869,4.123105626,32.34508446,31.8563644,42.30987882,218.534,0.7153748409999999,0.412795094,2.79118809,0.002091503,0.000384467,0.243591349,0.002891196,0.003921569000000001,0.002457114,0.002478853,0.0025374860000000003,0.00153787,0.000722799,0.000294426,0.000617126,0.00284506,HWJC,0.13371975966440192
4,2,3931,2.337303183,0.73897085,1,0.271103448,0.153294701,126.6474998,135.070352,13.89244399,4.980307048,5.0,89.80868555,85.32715717,68.75725612,567.6659999999998,0.5236794779999999,0.976040047,9.048612429,0.0016609,0.000599769,1.133745064,0.00284506,0.003921569000000001,0.002275152,0.00230186,0.002291427,0.001107267,0.0,0.00020031,0.000921458,0.00284506,HWJC,0.3467701986133979
4,2,725,1.131028219,0.5899466529999999,1,0.647321429,0.605835076,35.56800609,39.44616585,12.04159458,4.591820801,4.242640687,28.5263552,28.71910997,-44.78491597,122.63,0.889570552,0.192479829,1.691057351,0.001368704,0.000922722,0.035715652,0.0026758940000000003,0.003921569000000001,0.002238138,0.002332493,0.002383699,0.0011380239999999998,0.0,0.00021391400000000005,0.001105045,0.003225682,HWJC,0.08365988917026723
4,2,1676,2.132880857,0.955925074,1,0.348440748,0.372180327,91.42912672,90.90654542,13.45362405,5.067284953,4.472135955,28.89393465,26.84457133,-41.23197767,237.884,0.8413654620000001,0.429819325,5.067712636,0.002383699,0.000738178,0.608695623,0.0032295270000000003,0.003921569000000001,0.002286273,0.003023695,0.003183391,0.001045752,0.0,0.000292458,0.00094291,0.003921569000000001,HWJC,0.18817148402976
4,2,4762,2.718866418,0.972125895,1,0.466725473,0.219058811,176.45133,179.61069009999997,21.54065923,7.05320172,6.0,48.98615027,41.37068577,-83.1653807,522.66,0.758763544,0.905728621,10.80196895,0.0017685510000000004,0.000445982,2.5006032940000003,0.0028143020000000003,0.003921569000000001,0.00219837,0.002268368,0.002183776,0.000907343,0.0,0.000268973,0.000877398,0.002691273,MHC,0.5729771792457155
4,2,607,1.73005023,0.945403888,1,0.475705329,0.472075851,49.15802418,48.3011387,7.8102496760000015,3.4557998389999995,3.16227766,15.94936842,16.02065119,-30.42209919,127.114,0.916918429,0.229342575,1.699331098,0.002260669,0.0007535560000000001,0.061599161,0.00272203,0.003921569000000001,0.002248457,0.0027995570000000003,0.0028143020000000003,0.001445598,0.0,0.000211053,0.001029275,0.003921569000000001,HWJC,0.0870132480323381
4,2,1168,3.5513267660000003,0.974024473,1,0.272134203,0.207788345,100.0972798,89.62700486,10.0,3.515226413,3.0,26.33163111,22.66630486,-53.9632038,265.776,0.6339213029999999,0.486459083,3.245721014,0.002229912,0.0006920419999999999,2.569907902,0.003921569000000001,0.003921569000000001,0.002420194,0.002778871,0.002737409,0.001430219,0.0,0.000481565,0.000987432,0.003921569000000001,HWJC,0.1721288701872576
4,2,825,1.465619892,0.91100028,1,0.721153846,0.571384718,51.28438118,51.0881591,10.0,4.316448343,4.0,20.55437425,21.14997288,4.7267126280000005,134.7,0.924887892,0.25473281,2.418915908,0.002291427,0.0008227610000000001,0.429212946,0.003014225,0.003921569000000001,0.00229489,0.002932019,0.003098808,0.001199539,0.0,0.00026588400000000003,0.001022128,0.003921569000000001,HWJC,0.09575893801262661
4,2,1428,1.496398785,0.900434143,1,0.484067797,0.419569009,67.58915909,70.76722405,13.0,5.318345546000001,5.0,33.42203733,29.40076795,46.58204091,206.808,0.786993662,0.332533662,3.325690255,0.001645521,0.000676663,0.594350136,0.003921569000000001,0.003921569000000001,0.002216891,0.002328915,0.002260669,0.000599769,0.0,0.000340615,0.00099999,0.0030296040000000004,HWJC,0.13910610457389241
4,2,1027,1.5695462480000002,0.908769939,1,0.463866305,0.421351604,59.09343993,55.94640292,11.18033989,4.454790339,4.123105626,28.09400826,24.65954432,-19.46686243,175.012,0.789392775,0.319431006,2.590957439,0.001691657,0.001107267,0.002411843,0.003921569000000001,0.003921569000000001,0.002265468,0.002522841,0.002522107,0.000292195,0.0,0.000535839,0.001179018,0.003921569000000001,HWJC,0.10628956721880925
4,2,1033,2.049318932,0.942782308,1,0.349222448,0.263592442,69.59229685,72.62231062,11.3137085,3.937886737,3.605551275,26.38560213,23.20269372,-53.43856541,221.916,0.7339254,0.310634394,2.571564893,0.002045367,0.000445982,0.448007724,0.002506728,0.003921569000000001,0.002127633,0.002489414,0.0023990770000000003,0.0013994620000000002,0.000399846,0.00020234400000000005,0.000847885,0.003010381,HWJC,0.13755324699218557
4,2,4053,3.37705157,0.934554887,1,0.266154452,0.180725701,175.5645147,172.2004646,22.627417,6.392794054,5.830951895,65.04313485,62.46919087,-39.84801887,530.864,0.521755922,0.771595592,9.273479816,0.001783929,0.000445982,2.170291682,0.002599,0.003921569000000001,0.002192033,0.002288053,0.002214533,0.00070742,0.000369089,0.000216933,0.000769814,0.002660515,MHC,0.5516579762397646
4,2,2655,3.981367154,0.969690301,1,0.248828491,0.211105532,159.0905244,131.7118066,14.0,4.892155518,4.472135955,44.30198742,38.87175067,-45.25587877,397.546,0.547253427,0.664575212,6.470311696,0.001845444,0.000599769,0.319870989,0.003921569000000001,0.003921569000000001,0.00222266,0.002437029,0.002337563,0.000907343,0.000507497,0.00030333,0.000909151,0.0030296040000000004,HWJC,0.32602586988009374
4,2,1608,2.364028762,0.967320752,1,0.332506203,0.33469033800000003,95.24291326,93.60021367,12.08304597,4.628613109,4.123105626,27.54410634,24.14939666,-36.81445647,245.712,0.8383733059999999,0.436263007,3.945682589,0.001830065,0.000599769,0.347535882,0.003921569000000001,0.003921569000000001,0.002272203,0.002453783,0.002383699,0.001384083,0.000430604,0.000279324,0.000891663,0.0030296040000000004,HWJC,0.19001025410147795
4,2,2532,2.013277285,0.944204448,1,0.39612015,0.274309206,108.0590509,100.4241007,13.92838828,5.351439199,5.0,38.90670634,35.59032106,26.95339158,340.5780000000001,0.7326388890000001,0.604213804,5.556463121,0.001799308,0.000384468,0.266935087,0.003629373,0.003921569000000001,0.002229571,0.002194496,0.002214533,0.0007535560000000001,0.000338331,0.00027203,0.0006593310000000001,0.002568243,HWJC,0.218014555108141
4,2,705,1.130758493,0.683335238,1,0.5414746539999999,0.489014535,36.40530523,41.0,11.66190379,4.338899181,4.0,27.68086854,26.57968643,81.06032223,134.59799999999998,0.856102004,0.22066899,1.719830905,0.001960784,0.000538255,0.182482831,0.002460592,0.003921569000000001,0.002163421,0.002439476,0.00236832,0.000845829,0.000430604,0.000203283,0.000894496,0.003014225,HWJC,0.08492030176343675
4,2,957,1.531517275,0.924471042,1,0.52124183,0.531466613,57.05620616,55.97320788,11.40175425,4.5332695460000005,4.123105626,23.71708245,21.75280805,-27.21652132,150.42600000000004,0.897748593,0.271403325,2.429542579,0.002076125,0.000507497,0.28004382,0.002599,0.003921569000000001,0.002261694,0.0025387070000000003,0.002460592,0.001799308,0.000507497,0.000134461,0.0008669560000000001,0.003152634,HWJC,0.1066210273736809
4,2,5748,3.456965955,0.979018368,1,0.411482569,0.17845149100000002,219.973953,228.3703133,22.0,7.264760462000001,6.0,59.0578974,44.82453672,0.840188598,636.214,0.625734814,1.138823608,12.90165385,0.001906959,0.000261438,3.431915913,0.002983468,0.003921569000000001,0.002169188,0.002244547,0.00213764,0.001014994,0.000292195,0.000216349,0.000659642,0.002460592,MHC,0.7613028276256839
9,2,1125,1.840776937,0.948709758,1,0.4166666670000001,0.435258014,69.18108959,72.20110802,11.04536102,4.405376199,4.0,24.03138973,21.87148896,36.61770139,180.222,0.871080139,0.337055,2.356309225,0.001814687,0.000276817,0.11382897,0.002768166,0.0033217990000000003,0.002324517,0.0020944970000000003,0.00213764,0.002029989,0.000246059,0.0001391,0.000437895,0.002383699,HWJC,0.13579918480002073
9,2,2826,18.93418232,0.975359399,1,0.052308148,0.049837607,359.6711385,324.6552017,6.403124237,2.40048479,2.236067977,72.0592294,79.35134614,42.81373944,844.1360000000002,0.17274366600000002,1.584959725,5.984775354,0.0017685510000000004,0.000307574,1.012207024,0.002983468,0.003475586,0.0023342560000000003,0.002117755,0.002229912,0.000507497,0.000415225,0.000187641,0.000500188,0.002445213,MHC,0.9237824634144145
9,2,1541,2.8120710360000003,0.978614098,1,0.285581913,0.266127403,102.7454712,95.48298278,10.0,4.105000354,4.0,24.00515335,21.13523214,39.53908819,269.75,0.758926373,0.452687458,3.2821378460000004,0.001983853,0.000153787,0.082903588,0.003306421,0.003490965,0.002241027,0.002129875,0.002122261,0.00035371,0.0,0.000302737,0.000327747,0.002291427,HWJC,0.18701887294605635
9,2,1301,3.358018079,0.980587228,1,0.499615975,0.209532791,103.3547691,92.13576938,8.0,3.313649147,3.0,24.83998227,20.26615151,4.601876515,279.33,0.674617578,0.531149591,2.7753327160000003,0.001922338,0.00018454400000000005,0.027830519,0.003137255,0.003337178,0.002299349,0.00213323,0.002153018,0.001830065,0.000645905,0.000213712,0.00035414400000000003,0.002322184,HWJC,0.17125667883032458
13,3,6637,2.100109802,0.956536437,1,0.336510673,0.15776219800000002,180.5258931,189.4465624,23.32380758,8.478498934,7.8102496760000015,65.4,52.64366704,33.25721633,727.092,0.727222922,1.163906261,14.90974302,0.001799308,0.000415225,0.557323434,0.00272203,0.003921569000000001,0.002147429,0.002246458,0.00224529,0.000338331,3.08e-05,0.00031345900000000004,0.0007492260000000001,0.002614379,MHC,0.6266056963834514
13,3,8038,1.689643613,0.7699892759999999,1,0.294831823,0.151405376,156.4935709,211.3764414,35.51056181,10.54388053,8.0,131.9266988,99.85179132,26.09333248,816.7860000000002,0.510754567,1.432848991,17.63701727,0.001830065,0.000338331,0.624856348,0.002645137,0.003921569000000001,0.00224937,0.002194205,0.002214533,0.000891965,0.0,0.000213727,0.000580487,0.002506728,MHC,0.7740350203428491
13,3,3608,1.829308017,0.902553808,1,0.392003477,0.261299119,118.8903961,122.9674754,23.34523506,7.500373318999999,6.08276253,63.5714701,51.19147984,25.13326243,416.552,0.645669291,0.74193007,8.331272894,0.001906959,0.000415225,0.470249263,0.002645137,0.003921569000000001,0.002268899,0.002309111,0.002352941,0.001384083,0.0,0.000212341,0.000734673,0.00272203,HWJC,0.34419839762514975
2,3,731,1.731339274,0.884955339,1,0.416524217,0.376577318,51.44940014,49.39635614,8.544003745,3.53256838,3.16227766,27.51678946,23.95874596,-58.34472069,156.184,0.696854147,0.250703593,1.578977383,0.001687812,0.00047674,0.348500642,0.003921569000000001,0.003921569000000001,0.002038241,0.002160024,0.002214533,0.000138408,0.000138408,0.000655067,0.000843447,0.002645137,HWJC,0.09049618167645347
2,3,1818,1.3843846030000002,0.7890822559999999,1,0.471717696,0.366785387,68.15477563,81.15417426,16.64331698,5.925259142000001,5.099019514,45.71865179,41.86663005,-9.295149489,249.572,0.7980684809999999,0.426082305,3.936393895,0.001906959,0.000246059,0.6388482120000001,0.003921569000000001,0.003921569000000001,0.002141117,0.002165233,0.00213764,0.001322568,0.000246059,0.000291185,0.0005295990000000001,0.002383699,HWJC,0.17598695992652943
2,3,2637,1.717500014,0.679538203,1,0.401981707,0.299662369,86.47968203,95.4410813,17.69180601,6.083381564,5.6568542489999984,69.27859663,63.44496462,17.09182537,332.54,0.683426202,0.48708962,5.600446219,0.0017685510000000004,0.00033833199999999994,0.223280534,0.0025374860000000003,0.003890811,0.002127029,0.002123795,0.00213764,0.001276432,0.000153787,0.000160269,0.000540409,0.002445213,HWJC,0.22238755328957316
2,3,1822,1.083077514,0.559058556,1,0.690151515,0.524774636,54.53707008,61.91122677,19.0,6.838249518,6.0,46.66192149,45.21822138,62.99998987,208.878,0.859839547,0.361937743,3.844260079,0.001837755,0.000261438,0.358905207,0.002568243,0.003921569000000001,0.002116595,0.002109912,0.002060746,0.00118416,0.00018454400000000005,0.00021197400000000005,0.000534815,0.00236832,HWJC,0.13934546221712257
2,3,1820,3.874967191,0.98742644,1,0.202020202,0.186004588,132.1435262,119.7539143,9.848857802000001,3.896401907,3.605551275,29.11763952,20.8891396,50.21238877,350.654,0.658942795,0.590680549,4.1447445080000005,0.001753172,0.000507497,0.17091276100000002,0.003921569000000001,0.003921569000000001,0.002220604,0.002277332,0.00224529,0.001460977,0.00018454400000000005,0.000407465,0.000902476,0.002768166,HWJC,0.25937782289778155
2,3,2629,1.202807894,0.522134828,1,0.4877551020000001,0.490590384,68.20753593,79.40403012,22.82542442,8.696431487,7.8102496760000015,62.59255838,58.17168072,17.15999732,259.502,0.820152862,0.420115367,5.666866818,0.001722415,0.000384467,0.181915314,0.003921569000000001,0.003921569000000001,0.002270894,0.002155522,0.002106882,0.0013994620000000002,0.000384468,0.000496493,0.000639839,0.00249135,HWJC,0.19578575771736081
2,3,1246,4.529849292,0.98715811,1,0.390595611,0.184000633,118.1971121,110.8196733,8.485281374,3.164255981,3.0,22.82450543,18.88154613,-9.883710735,291.712,0.6442606,0.5154171820000001,2.864667567,0.001922338,0.000384467,1.268623971,0.003921569000000001,0.003921569000000001,0.002202638,0.002299091,0.002291427,0.000722799,0.000338331,0.000477757,0.000802513,0.002683583,HWJC,0.22448982559543154
2,3,4554,6.568778458,0.985721444,1,0.148406439,0.080508288,271.59591580000006,245.48930730000004,13.89244399,4.385855118,3.605551275,67.00649582,45.73245726,58.61506487,843.1039999999998,0.35257229100000004,1.38894282,9.963352997000001,0.001845444,0.000322953,0.871076596,0.002522107,0.003921569000000001,0.002133553,0.002187825,0.002229912,0.0015071129999999998,4.61e-05,0.000158066,0.000654939,0.002506728,MHC,0.7798583558707958
2,3,1851,6.855259077,0.992628183,1,0.157558733,0.153364996,178.1096938,148.5294584,9.0,3.234187822,3.0,28.89536216,21.58678431,60.98525314,389.444,0.537846869,0.6814763979999999,4.161230464,0.001753172,0.00046905,0.309426812,0.003921569000000001,0.003921569000000001,0.002149768,0.002248099,0.002299116,0.000230681,0.000138408,0.000578981,0.000842462,0.00272203,HWJC,0.3621103533923349
2,3,1015,2.776883298,0.975375217,1,0.278846154,0.309035271,82.63466837,79.93122043,8.062257748,3.474754655,3.16227766,19.66289338,18.22524171,-50.90113097,203.158,0.804916733,0.32701270600000004,2.197570252,0.0017685510000000004,0.000399846,0.502162504,0.003921569000000001,0.003921569000000001,0.002056684,0.002165094,0.002183776,0.000630527,0.000276817,0.0005099530000000001,0.000609761,0.002568243,HWJC,0.1430559024441908
2,3,962,3.2098004610000004,0.985095569,1,0.235784314,0.288181208,87.28031626,85.91274643,8.485281374,3.289658377,3.0,16.39690158,15.0129043,-52.03476752,204.814,0.8361581920000001,0.348973494,2.2462130890000003,0.0017377929999999998,0.000599769,0.477688732,0.003921569000000001,0.003921569000000001,0.002266062,0.002334941,0.002322184,0.000399846,0.000107651,0.000641751,0.000950921,0.002937332,HWJC,0.15736128216635026
2,3,2752,1.3916437819999998,0.805989712,1,0.469704728,0.361169446,84.88217220000001,92.65527508,18.78829423,6.883565029,6.0,52.04950474,50.24426537,-15.46058612,309.438,0.790236899,0.535655555,5.855578916,0.001860823,0.000246059,0.33661166,0.0025374860000000003,0.003921569000000001,0.002159901,0.002127754,0.002106882,0.0013994620000000002,0.000461361,0.000167099,0.000497799,0.00236832,HWJC,0.2167676297496978
2,3,3539,2.091060279,0.956242578,1,0.379639562,0.32060365,131.53615770000002,135.8307771,21.47091055,7.936647221,7.0,43.91396083,38.48419172,-35.00811891,372.444,0.807806437,0.552818193,7.203614396,0.001860823,0.00018454400000000005,0.465255018,0.003921569000000001,0.003921569000000001,0.002109993,0.002035494,0.002045367,0.0015224910000000002,0.000445982,0.000219636,0.000356133,0.002214533,HWJC,0.3834364797022769
2,3,1485,1.3539667990000002,0.850468745,1,0.518867925,0.29308834100000003,63.28272698,63.41135545,14.03566885,5.00709064,4.472135955,41.95635648,33.28833331,49.92246769,252.33,0.745481928,0.379900066,3.278523797,0.001814687,0.00033833199999999994,0.16926868899999994,0.002383699,0.003921569000000001,0.002010053,0.00220776,0.002106882,0.0015071129999999998,0.000584391,0.000143549,0.0007206160000000001,0.002506728,HWJC,0.1274941160398174
2,3,4112,5.348892659,0.982529885,1,0.279727891,0.144209991,232.19432090000004,211.28653530000003,15.65247584,4.761032145,4.242640687,52.53039165,43.21249586,-79.53429462,598.596,0.489290814,1.029911651,9.417485993,0.001845444,0.000445982,2.726116339,0.003921569000000001,0.003921569000000001,0.002136746,0.002290245,0.002229912,0.001168781,0.000584391,0.000291545,0.000797058,0.002752787,MHC,0.6698416315763495
2,3,1825,1.507057525,0.8888142729999999,1,0.623931624,0.290761063,76.00455334,74.00675645,14.0,5.605298126,5.0,38.0,34.83042388,89.74943048,280.846,0.762959866,0.457485614,3.782806799,0.001814687,0.000215302,0.3923889920000001,0.003921569000000001,0.003921569000000001,0.002060746,0.002072771,0.002029989,0.000968858,0.000799692,0.00035121400000000003,0.000462602,0.002229912,HWJC,0.14959455749595027
2,3,1753,1.473503095,0.8966293609999999,1,0.631711712,0.347225257,74.08766796,77.20103626,16.2788206,5.830986622999999,5.0,36.0,32.80467659,75.36919258,251.878,0.8185851040000001,0.41776243,3.745251992,0.001722415,0.00035371,0.236267789,0.003352557,0.003921569000000001,0.002109911,0.002136481,0.002091503,0.001091888,0.000645905,0.000286672,0.000633515,0.002441369,HWJC,0.16399440378936225
2,3,1709,1.449061415,0.88974736,1,0.469505495,0.476982122,72.17562534,72.9451849,16.2788206,5.930824398,5.385164807000001,35.98515019,32.94480403,-49.70345583,212.19,0.88917794,0.332733592,3.959892514,0.001830065,0.000461361,0.259569905,0.002383699,0.003921569000000001,0.00204131,0.0023170820000000003,0.002199154,0.00153787,0.0005690119999999999,0.000121485,0.000768383,0.002768166,HWJC,0.15406596244199128
2,3,1710,1.502762462,0.903142588,1,0.617551463,0.343486074,74.26088786,75.02666193,15.29705854,6.17398184,5.830951895,37.25933752,31.88322401,84.40284882,250.12,0.8026284909999999,0.33979241600000004,3.536593802,0.001830065,0.000215302,0.322289882,0.002322184,0.003921569000000001,0.002059348,0.002068184,0.002060746,0.001722415,0.0006920419999999999,0.000113791,0.000451478,0.002276048,HWJC,0.15562784249050246
2,3,1271,1.164380531,0.744381697,1,0.6006616260000001,0.462971103,51.03500076,51.31276644,13.60147051,5.252353751,5.0,37.3737208,34.078844399999994,47.48375391,185.738,0.83099052,0.289273377,2.7313649860000004,0.001799308,0.000322953,0.08840328,0.002445213,0.003921569000000001,0.002008843,0.002148989,0.002091503,0.00141484,0.00070742,0.000167878,0.000656074,0.002433679,HWJC,0.1048440327981169
9,3,6322,1.554333846,0.819985362,1,0.506976744,0.18673835,137.05707900000002,146.5093854,24.16609195,7.470380835,6.403124237,83.38350188,78.44934637,83.84139446,652.252,0.690589328,1.025820908,12.56864339,0.0016609,0.000292195,0.687568672,0.003921569000000001,0.003921569000000001,0.002015365,0.00198808,0.001983853,0.00070742,0.0,0.00038509,0.000536999,0.002260669,HWJC,0.45216905913359223
9,3,4767,1.987149434,0.939912844,1,0.501051083,0.264687808,146.7293281,149.2715646,22.47220505,7.5628398,7.0,61.00824937,50.09551677,-78.16789227,475.73,0.7235334290000001,0.7769627640000001,9.960015839,0.0016762779999999998,0.00035371,1.2356114809999998,0.003014225,0.003921569000000001,0.002077441,0.002089368,0.002060746,0.001168781,0.0,0.000216432,0.000719605,0.002383699,HWJC,0.4484729879535504
9,3,6225,4.245837042,0.986694264,1,0.29642857100000003,0.147715263,255.5357024,223.0807029,18.86796226,6.363850522999999,5.830951895,54.43351733,41.54670214,70.06646617,727.716,0.611042945,1.17144184,13.766890300000002,0.0017377929999999998,0.000369089,1.234464953,0.003044983,0.003921569000000001,0.002077025,0.002211549,0.002091503,0.001076509,6.15e-05,0.000228941,0.0008120369999999999,0.002475971,MHC,0.728994361425793
9,3,2046,1.3909712440000002,0.8124186179999999,1,0.528818816,0.3923585,73.47003664,75.21303079,17.2626765,6.1781538760000005,5.385164807000001,51.2,42.83851221,-27.44440986,255.986,0.768595041,0.462883535,4.680184729,0.001707036,0.0005382540000000001,1.41794246,0.003721646,0.003921569000000001,0.002214754,0.00228748,0.00224529,0.000415225,0.0,0.00035362,0.000871833,0.002768166,HWJC,0.1635650478193965
9,3,2173,3.68922141,0.983302154,1,0.233957795,0.190067853,140.3272139,132.6122166,10.29563014,4.118913476,4.0,41.60173053,25.53680563,37.23463868,379.036,0.579312183,0.591188047,5.555571167,0.002029989,0.000799692,0.494073991,0.002660515,0.003921569000000001,0.002141986,0.002556637,0.002522107,0.000938101,0.0,0.000232641,0.001077902,0.003567859,HWJC,0.30787153071442247
9,3,3117,2.739804358,0.950145832,1,0.281114719,0.18641634,140.544799,125.6065285,13.34166406,5.329367951,5.0,53.7992016,43.82269253,49.32926484,458.386,0.575676424,0.7432987790000001,6.6742640039999985,0.0016609,0.000430604,0.382476165,0.00284506,0.003921569000000001,0.002142071,0.002141246,0.00213764,0.001245675,0.0,0.00024417,0.00071904,0.0025374860000000003,HWJC,0.3005253641065171
9,3,5068,5.023619856,0.989154254,1,0.256114817,0.134270702,251.3963834,216.0671192,19.0,5.921104197000001,5.385164807000001,52.13229356,36.92520974,15.32629434,688.704,0.5664468539999999,1.07111118,11.37379519,0.0017685510000000004,0.00047674,3.361570622,0.0025836220000000003,0.003921569000000001,0.002129446,0.002244237,0.002199154,0.000891965,0.0,0.000270218,0.000929604,0.002737409,MHC,0.7040118705139927
9,3,3742,2.548195464,0.972944578,1,0.4519323670000001,0.284124743,151.5573965,138.4521578,14.56021978,6.4497924860000015,6.08276253,38.96815088,35.01561314,-16.42432701,406.82,0.787209425,0.718892779,8.535102193,0.0016301420000000002,0.000630527,0.96609939,0.003244906,0.003921569000000001,0.002205193,0.002280893,0.002306805,0.000307574,0.0,0.00028504400000000003,0.000912711,0.002875817,HWJC,0.354795695104916
9,3,2972,1.079839297,0.668530087,1,0.59003375,0.570078716,72.46552544,73.37574531,24.41311123,8.964903735,8.0,56.79612663,53.89153126,35.29524768,255.954,0.86824423,0.4419377470000001,6.468081805,0.001860823,0.000322953,0.117435277,0.002660515,0.003921569000000001,0.002198695,0.00217634,0.002199154,0.00130719,0.0,0.000209709,0.000708415,0.002506728,HWJC,0.18491119294718086
2,4,1546,2.360534171,0.962407005,1,0.378828718,0.375129917,92.91006337,85.08818954,10.29563014,4.615705285,4.242640687,28.78415598,25.23543297,57.70585347,227.572,0.7926172779999999,0.369965425,3.352203145,0.001707036,0.000384468,1.227916933,0.002475971,0.003921569000000001,0.002150962,0.002168307,0.00213764,0.0015224910000000002,0.00016916599999999995,0.000171161,0.0007506110000000001,0.002475971,HWJC,0.16235834448186975
2,4,1608,4.010586311,0.988901446,1,0.494769231,0.212174314,126.54797759999998,124.7878199,10.0,3.839814409,3.16227766,21.49280331,18.80161013,85.19404018,308.6040000000001,0.732407197,0.598738986,3.509296563,0.001491734,0.00058439,0.135738933,0.003921569000000001,0.003921569000000001,0.002285263,0.002182398,0.002260669,0.001230296,0.000138408,0.000396221,0.000892447,0.002660515,HWJC,0.27702575104412
2,4,757,1.405046339,0.8995425890000001,1,0.748023715,0.628714029,47.68673435,45.09988914,10.04987562,4.378300842,4.0,20.8614477,20.83114255,87.60294462,123.006,0.919805589,0.23996926,1.933825536,0.00195694,0.000922722,0.336142558,0.003091119,0.003921569000000001,0.002242703,0.002554591,0.002522107,0.001968474,0.000230681,0.000193038,0.00107796,0.003687043,HWJC,0.08714863874853865
2,4,2475,4.853103095,0.959918911,1,0.21484375,0.109054602,168.0933202,162.38842319999995,12.04159458,3.563527314,3.0,62.20321127,47.11283746,-12.5325214,534.036,0.397973951,0.963214208,5.4676664960000005,0.001610919,0.000492118,0.982061813,0.003798539,0.003921569000000001,0.002174298,0.002209158,0.002306805,9.23e-05,9.23e-05,0.000462621,0.000881468,0.002706651,HWJC,0.44258175971813146
2,4,3348,1.955447715,0.7926587959999999,1,0.39672947,0.193056861,110.0805304,112.4855546,16.40121947,5.6221005260000005,5.0,82.37700029,67.11230264,78.52922188,466.826,0.526249607,0.815286485,7.1460210570000005,0.001707036,0.000399846,0.052722074,0.002568243,0.003921569000000001,0.002156843,0.002134415,0.002199154,0.001245675,0.000230681,0.000212412,0.000670664,0.002522107,HWJC,0.27248054611429573
2,4,3878,1.514815267,0.797167636,1,0.432329989,0.297920834,104.5538854,116.7090399,23.70653918,7.668010931,6.708203932000001,65.90763357,63.12524794,-72.21465037,404.444,0.742983044,0.66908117,8.164967745,0.001876201,0.000215302,0.491818654,0.002568243,0.003921569000000001,0.002158326,0.002105458,0.002076125,0.00083045,0.00012303,0.000225882,0.000473371,0.002306805,HWJC,0.32391136983311863
2,4,1246,1.838214099,0.936344185,1,0.476846537,0.352908979,71.99290629,72.01388755,11.40175425,4.327100851,4.0,31.80905834,25.27551564,25.2426923,210.636,0.7648864329999999,0.368642856,2.695855564,0.001814687,0.000307574,0.609310904,0.00249135,0.003921569000000001,0.002155806,0.002163608,0.002122261,0.001014994,0.000153787,0.000194915,0.000733956,0.002445213,HWJC,0.1367400636359453
2,4,1101,2.233384323,0.96566407,1,0.425096525,0.342872324,76.50900593,74.46475676,10.0,3.992829602,3.605551275,20.27977393,19.87657784,20.79113407,200.878,0.84920941,0.35900041,2.428727508,0.0017685510000000004,0.000415225,0.055061944,0.00249135,0.003921569000000001,0.002229816,0.002205929,0.002260669,0.00106113,0.00016916599999999995,0.000146061,0.000743469,0.002614379,HWJC,0.1373142179368282
2,4,4920,4.343440741,0.980006513,1,0.165991903,0.140908419,228.3286557,237.2551369,19.23538406,6.399246376000002,5.0,58.93693486,45.42950477,-38.41609166,662.398,0.529829851,1.148942792,10.4393238,0.001799308,0.000322953,0.402775926,0.002629758,0.003921569000000001,0.002230957,0.002121814,0.0021683970000000003,0.001261053,0.00018454400000000005,0.000165001,0.000586998,0.002445213,MHC,0.7771487266697863
2,4,5234,1.239482745,0.795163946,1,0.532560033,0.466181908,109.7397968,119.8540779,29.54657341,10.87662998,9.848857802000001,76.45151656,66.54561008,-4.660494913,375.616,0.81241754,0.67224918,10.79669417,0.001845444,0.000215302,0.104694035,0.002522107,0.003921569000000001,0.002218644,0.0020628,0.002076125,0.001460977,0.000153787,0.000169554,0.000353765,0.002276048,HWJC,0.36869428336882876
2,5,3379,6.634865759,0.996625296,1,0.211995734,0.142521397,237.6410772,215.6710458,10.63014581,4.129451048,4.0,24.19294756,19.50687267,71.43154082,545.832,0.720469083,1.027558696,7.905544301,0.0017377929999999998,0.000507497,1.633892254,0.0027989240000000004,0.003921569000000001,0.002309121,0.002339611,0.002383699,0.001584006,0.000615148,0.000141702,0.000792794,0.0028143020000000003,MHC,0.6557871786935976
2,5,1744,1.211533852,0.793220622,1,0.68125,0.387965399,62.60527318,68.15423685,16.2788206,5.816689003,5.0,39.0,38.12250145,-85.20145656,237.674,0.824196597,0.411949279,3.799477346,0.001953095,0.00018454400000000005,0.554562541,0.0025374860000000003,0.003921569000000001,0.002168154,0.002178599,0.002122261,0.0016301420000000002,0.001045752,0.000168084,0.000473088,0.002306805,HWJC,0.1439733579632986
2,5,2254,4.033684125,0.989202366,1,0.240811966,0.208183047,150.2811158,134.3316791,9.848857802000001,4.174704736,4.123105626,28.1180259,22.02460855,30.85475727,368.858,0.716693164,0.626589819,5.029927183,0.001860823,0.000307574,0.454470534,0.002645137,0.003921569000000001,0.002160655,0.002231556,0.002183776,0.001045752,0.000938101,0.000184276,0.000596686,0.002475971,HWJC,0.3114035398761796
2,5,2508,4.261625844,0.984503132,1,0.26794871800000003,0.17243948399999998,162.1985858,159.5900999,13.0,4.340643978,4.0,35.74177497,28.44427849,-17.04459178,427.514,0.6838445809999999,0.748050801,5.797647297,0.001860823,0.000384467,0.16976604,0.003629373,0.003921569000000001,0.002219735,0.002311662,0.002276048,0.00153787,0.000922722,0.000226087,0.000649927,0.002629758,HWJC,0.43257286900911845
4,5,5512,1.3958790369999998,0.827434527,1,0.465658528,0.336660474,121.85478229999998,133.00375929999998,29.15475947,10.11555994,8.246211251,66.45224079,68.42903945,77.30341445,453.59,0.77134061,0.805167283,11.87366458,0.00189158,0.000246059,0.458607285,0.002921953,0.003921569000000001,0.002313699,0.002154148,0.002122261,0.001107267,0.0,0.000293914,0.000551878,0.002383699,HWJC,0.42166012311401857
4,5,2283,1.68243004,0.853218065,1,0.358398744,0.181900079,87.58332902,107.0700705,17.0,5.254738256,4.242640687,49.87352394,45.67946565,57.24232012,397.138,0.6121464,0.714940438,5.022975974,0.001799308,0.000415225,0.535515669,0.002937332,0.003921569000000001,0.002328796,0.002200165,0.002214533,0.000891965,0.0,0.000355706,0.000671753,0.002614379,HWJC,0.2536359274005225
4,5,1796,4.636463029,0.989100532,1,0.185921325,0.198894358,143.8117109,122.3315168,8.246211251,3.626784575,3.605551275,26.1753489,21.17509072,48.54554648,336.858,0.592641478,0.576916609,4.585082841,0.002091503,0.00047674,0.7659146490000001,0.002752787,0.003921569000000001,0.0022274770000000003,0.002552941,0.002475971,0.001214917,0.000461361,0.000206434,0.00084019,0.003091119,HWJC,0.2606767008295907
4,5,802,2.353219655,0.957531161,1,0.348090278,0.340466886,66.55765656,62.93647591,7.8102496760000015,3.336771221,3.0,21.62084991,19.1905561,-45.13402106,172.05,0.750233863,0.308158419,1.91673978,0.001830065,0.0005382540000000001,0.158354269,0.002737409,0.003921569000000001,0.002334533,0.00238995,0.002460592,0.001491734,0.000553633,0.000163811,0.000903776,0.002968089,HWJC,0.1098374698385793
4,5,813,2.239009454,0.968827111,1,0.40367428,0.440130318,66.03237058,62.20128616,7.8102496760000015,3.707784058,3.605551275,15.92825639,16.35871577,-28.02742904,152.356,0.912970241,0.258885061,2.154679058,0.002183776,0.0005382540000000001,0.978529346,0.0026758940000000003,0.003921569000000001,0.0022709220000000003,0.0026502820000000003,0.002552864,0.001599385,0.000645905,0.000178122,0.000892102,0.003425606,HWJC,0.10837044347582228
4,5,4423,7.570352044,0.991605883,1,0.203543488,0.097420137,288.9733925,265.9323222,15.03329638,4.58734268,4.0,49.18901179,37.36345925,10.4404271,755.334,0.410030592,1.40476748,10.35271089,0.001810842,0.000461361,0.346554528,0.0028143020000000003,0.003921569000000001,0.002325774,0.002340654,0.002337563,0.00106113,0.000507497,0.000177925,0.000759923,0.002737409,MHC,0.8379228646533221
6,5,1983,2.509094025,0.974572121,1,0.337244898,0.347595079,109.6739487,104.8093507,11.3137085,4.969203241000001,5.0,27.52792919,24.57508624,-38.66412639,267.75,0.8212880509999999,0.454056164,4.456747595,0.0017685510000000004,0.000430604,0.481674516,0.002599,0.003921569000000001,0.002172518,0.0022474770000000003,0.002183776,0.001276432,0.000246059,0.000222902,0.000806584,0.002660515,HWJC,0.21887697141319828
6,5,2806,14.18749224,0.977163976,1,0.089884041,0.062183517,310.7736681,270.3793631,13.0,3.158827857,2.828427125,60.27211367,66.03524726,-20.20201133,753.028,0.251839885,1.327105042,6.218070213,0.0017685510000000004,0.000399846,0.54141657,0.00284506,0.003921569000000001,0.002253149,0.002215991,0.002337563,0.001091888,0.00016916599999999995,0.000227404,0.000811631,0.002660515,MHC,0.8448064514440546
6,5,5457,5.650480311,0.982289007,1,0.174741426,0.14392405,274.8412659,233.5551327,19.79898987,5.826511253,5.0,77.57043859999997,51.49758699,56.94590526,690.2639999999999,0.435132765,1.099115816,11.1495584,0.0017685510000000004,0.000261438,0.582696119,0.002768166,0.003921569000000001,0.002024154,0.002043166,0.002029989,0.001168781,0.000861207,0.000143938,0.000461235,0.002276048,MHC,0.769027870090303
6,5,1384,2.653038691,0.965224662,1,0.420285454,0.259154434,93.43065252,89.49860334,14.0,4.365374017,4.0,29.98927438,24.42480839,75.54758382,259.056,0.740106952,0.409442556,2.826620684,0.001814687,0.000230681,0.489964301,0.0023990770000000003,0.003537101,0.002016958,0.002042356,0.002060746,0.001491734,0.000861207,0.000136002,0.000418244,0.002291427,HWJC,0.18613446202698242
6,5,5860,3.306099445,0.768843093,1,0.202403979,0.072398545,186.7711535,208.8875295,15.29705854,5.015769757,4.123105626,144.56375569999997,119.4284769,75.20305373,1008.53,0.31707383100000003,1.558631421,11.9199391,0.001753172,0.000246059,0.739069485,0.002383699,0.003921569000000001,0.002011137,0.002034119,0.002029989,0.001122645,0.000845829,0.000124712,0.00049537,0.00224529,MHC,0.672046031836845
6,5,6054,1.997251892,0.905970055,1,0.366909091,0.127616675,161.29924069999996,164.87874330000002,23.60084744,7.485343446,6.08276253,93.7525156,68.2847069,-4.109746681,772.0980000000002,0.541042942,1.170380714,11.80653654,0.0017685510000000004,0.00016916599999999995,0.25241534,0.002337563,0.003921569000000001,0.001987064,0.001950204,0.001953095,0.001353326,0.000845829,0.000144272,0.000342109,0.002122261,MHC,0.5268334176485919
6,5,1770,2.286433164,0.963225166,1,0.528673835,0.205245683,97.90622888,107.9120012,13.45362405,4.531578865,4.0,30.0,26.3069646,-3.984199205,329.196,0.72053735,0.5251672860000001,3.570903689,0.0017377929999999998,0.000246059,0.015063365,0.002383699,0.003721646,0.002012135,0.00201746,0.002045367,0.0013994620000000002,0.000861207,0.000149452,0.000448828,0.002260669,HWJC,0.2377235668167188
9,5,6415,5.746769643,0.990528666,1,0.407146484,0.110990226,302.8931771,302.2383166,19.84943324,5.980762597000001,5.0,49.7656876,41.58907781,-1.898164917,852.238,0.588964378,1.315017381,13.41090411,0.001814687,0.000261438,4.437714163,0.002460592,0.003921569000000001,0.001980448,0.002090554,0.002045367,0.001337947,0.001014994,0.00014942700000000002,0.000471886,0.002322184,MHC,0.9165512351919733
9,5,2578,8.795669243999999,0.996480678,1,0.17101160899999998,0.117489435,238.9594998,210.2974084,8.246211251,3.278436012,3.0,26.44964134,20.0302482,-18.97824316,525.106,0.590066377,0.6788004740000001,4.356570713,0.0013994620000000002,0.000276817,4.763178811,0.002199154,0.003168012,0.001574943,0.001689903,0.001707036,0.000768935,0.000584391,0.00020203,0.000448677,0.001968474,MHC,0.620999712587327
13,6,12652,3.801320959,0.964413178,1,0.247728697,0.175792647,337.5990419,316.4838069,31.6227766,10.05846413,8.94427191,92.32211624,89.26109876,36.48106407,951.008,0.586786634,1.567704855,26.8121965,0.001753172,0.000338331,0.5810597129999999,0.0025374860000000003,0.003921569000000001,0.002150487,0.002119206,0.002122261,0.000845829,1.5399999999999998e-05,0.0001337,0.000614981,0.002429835,MHC,0.9510185115358895
13,6,10106,1.57129809,0.917940338,1,0.460577887,0.305015818,186.56484730000003,192.5201288,33.24154028,12.42594208,11.3137085,94.38736123,74.01371866,-34.48645446,645.258,0.814212053,1.057193464,21.52152346,0.001799308,0.000307574,0.898349603,0.002568243,0.003921569000000001,0.002153144,0.002129579,0.00213764,0.00083045,0.000292195,0.000186938,0.000531086,0.002414456,MHC,0.6956580417322149
13,6,3597,3.167065644,0.980164065,1,0.270674994,0.269575656,166.76351709999997,160.3776792,17.4642492,6.093062777999999,5.6568542489999984,39.95349265,33.05049547,33.1466955,409.482,0.7958845,0.6906882520000001,7.81565587,0.001722415,0.000384468,0.557573434,0.003921569000000001,0.003921569000000001,0.0021516770000000003,0.002172826,0.002199154,0.0,0.0,0.000283324,0.0007142569999999999,0.002506728,HWJC,0.46340292305655345
13,6,1877,1.555146622,0.903423772,1,0.46004902,0.4973408170000001,79.15646025,81.84130986,15.62049935,6.150769586,5.830951895,36.16292707,33.93823311,52.99346679,217.776,0.910943946,0.331011178,4.135009801,0.0017685510000000004,0.000415225,0.910294188,0.002306805,0.003921569000000001,0.002121867,0.002202989,0.00213764,0.001384083,0.000230681,0.000106446,0.000829014,0.002599,HWJC,0.17326814926171813
2,6,3204,3.372673637,0.979270303,1,0.254285714,0.1921154,162.2850651,161.5549442,13.45362405,5.290626127,5.0,46.34384277,32.87210993,-53.19971943,457.794,0.59737112,0.682460643,7.001968797000001,0.001860823,0.000307574,0.438288367,0.0023990770000000003,0.003921569000000001,0.002146103,0.002185384,0.002214533,0.001091888,0.000599769,0.000172782,0.000563765,0.002475971,HWJC,0.4445755416392172
2,6,1818,1.305294138,0.441829496,1,0.505561735,0.438866408,57.81917198,64.89992296,17.72004515,5.998399045,5.099019514,52.67843134,51.86952397,-27.11017229,228.158,0.780760146,0.39017304,3.992941349,0.001853133,0.000322953,0.410733958,0.002460592,0.003921569000000001,0.002191983,0.002196337,0.002214533,0.001753172,0.000599769,0.00010057,0.000549781,0.00249135,HWJC,0.1425831658235587
2,6,1885,1.177055886,0.605013769,1,0.549242424,0.450802056,58.76100625,65.03076195,18.86796226,6.391383219,5.6568542489999984,50.61826006,46.78639509,79.55111605,229.228,0.8403923320000001,0.388266082,4.062591505,0.001876201,0.000261438,0.084193744,0.0023990770000000003,0.003921569000000001,0.00218127,0.002155221,0.002183776,0.001584006,0.000599769,0.000111663,0.000488188,0.0023990770000000003,HWJC,0.14577198325747093
2,6,1849,1.714379076,0.925125807,1,0.648999649,0.400686725,83.89926225,78.84795495,16.4924225,6.375893958,6.0,35.5589514,31.85325189,-2.035442896,240.808,0.850897377,0.370703603,4.094994419,0.001876201,0.000292195,0.138219494,0.00249135,0.003921569000000001,0.002206569,0.002214708,0.002214533,0.0015686270000000002,0.0006612839999999999,0.000113445,0.0005587000000000001,0.002475971,HWJC,0.1685911928650014
2,6,1727,1.319296187,0.8252420779999999,1,0.5726127320000001,0.507076616,66.27062814,70.29224708,16.64331698,6.204963984,5.6568542489999984,39.69703846,37.42827048,53.70787905,206.878,0.865013774,0.373933131,3.741791807,0.00194925,0.00023068,0.057094827,0.002522107,0.003244906,0.002199607,0.002166643,0.002199154,0.001922338,0.0007535560000000001,9.38e-05,0.000403571,0.0023990770000000003,HWJC,0.14968130002967325
4,6,8587,6.935456715,0.990083651,1,0.244643875,0.111179686,384.7845495,327.3912033000001,17.11724277,6.148838751,5.830951895,73.50284608,54.05416861,79.82803024,985.174,0.454856053,1.593817904,18.37542573,0.001841599,0.000276817,0.579561263,0.002322184,0.003921569000000001,0.002086149,0.0021399120000000003,0.002122261,0.001368704,0.0,9.86e-05,0.000640953,0.0023990770000000003,MHC,0.9415930375363142
4,6,3284,3.0792578560000003,0.97828785,1,0.32310114100000004,0.247741606,156.84828069999998,141.7779955,14.14213562,5.419478165,5.0,40.4788024,32.506927600000004,65.90833054,408.138,0.6878207140000001,0.6850442729999999,7.443122227999999,0.001845444,0.000415225,0.435444246,0.0023990770000000003,0.003921569000000001,0.002107829,0.002266481,0.002214533,0.001783929,0.0,9.64e-05,0.0008380960000000001,0.002660515,HWJC,0.36541309799235183
4,6,1365,1.575312382,0.918412206,1,0.477272727,0.470793831,68.7512986,69.3108938,13.60147051,5.392488501,5.0,29.01549533,27.19972195,55.09014174,190.878,0.871369295,0.275401793,3.208642968,0.001818531,0.000676663,0.13272473199999998,0.002337563,0.003921569000000001,0.00207069,0.002350654,0.002291427,0.001368704,0.0,0.000122989,0.001019696,0.003091119,HWJC,0.13758761920607665
4,6,2908,1.824097186,0.884704339,1,0.371581906,0.233724681,105.1909261,121.69634340000002,16.55294536,5.6685941139999985,5.0,51.70630661,49.03502213,-61.42028337,395.412,0.6522373,0.626436035,6.31470998,0.001783929,0.000369089,0.105865776,0.002460592,0.003921569000000001,0.002182704,0.002171496,0.002229912,0.00153787,0.00047674,0.000125157,0.0005970869999999999,0.0025374860000000003,HWJC,0.3032623250786941
4,6,2544,5.309945001,0.993769322,1,0.267254964,0.18941912,183.9720507,170.5197936,10.0,4.172108402,4.0,23.93144157,20.50486658,73.42776602,410.82,0.724786325,0.760815128,6.157539656,0.001830065,0.000615148,0.648577034,0.003921569000000001,0.003921569000000001,0.002244292,0.002420417,0.002352941,0.001322568,0.000461361,0.000382637,0.000931057,0.00307574,HWJC,0.4603904371518676
4,6,1851,1.564943121,0.882551979,1,0.45591133,0.38183585,77.64252978,77.36924454,15.13274595,5.60438615,5.0,44.6829055,36.50867046,-39.00414495,246.814,0.80147218,0.405874695,4.10540582,0.001906959,0.000276817,0.7737973090000001,0.002429835,0.003921569000000001,0.002147485,0.002217939,0.002183776,0.001599385,0.000538255,0.000133111,0.0006507269999999999,0.002445213,HWJC,0.1610452928135816
4,6,1979,1.382929689,0.8326496940000001,1,0.511237406,0.391871929,72.96116703,78.10249676,18.35755975,6.0734121210000005,5.099019514,48.0,40.40589743,-85.40302508,251.916,0.807425541,0.439569431,4.401168964,0.001860823,0.00035371,0.315665182,0.002429835,0.003921569000000001,0.0021760860000000003,0.002223936,0.002229912,0.001599385,0.000384468,0.000105078,0.00061861,0.002552864,HWJC,0.1740688172099917
4,6,2369,2.2054583080000003,0.6732284159999999,1,0.31696548,0.245246983,92.61987396,100.3194896,13.15294644,4.566019207,4.123105626,71.86198979,68.48633769999999,0.363081613,348.406,0.549397032,0.613933151,5.393802591,0.0016609,0.000538255,0.277115647,0.003613995,0.003921569000000001,0.002177068,0.002276827,0.002306805,0.000922722,0.000322953,0.000210227,0.000838335,0.002795079,HWJC,0.21897507970701527
4,6,3185,5.401152441,0.990284909,1,0.333962462,0.148036704,206.8926781,188.4038216,11.18033989,4.2388815110000015,4.0,35.48588538,28.76909428,-7.716849671,519.966,0.599360181,0.905620986,7.440415526000002,0.001814687,0.000507497,0.7478394540000001,0.003367936,0.003921569000000001,0.0021927870000000003,0.00233608,0.002322184,0.000799692,0.000430604,0.000171287,0.0008565910000000001,0.002829681,MHC,0.5470270568629969
4,6,1222,1.220104137,0.829773512,1,0.685746352,0.613699774,53.78350517,55.94640292,15.13274595,5.647217065,5.0,32.0,30.01658912,13.38114525,158.184,0.914670659,0.28362939600000003,2.9103422880000003,0.001937716,0.00047674,0.158608725,0.002429835,0.003921569000000001,0.002181765,0.002381622,0.002337563,0.001691657,0.000384468,9.43e-05,0.0008013260000000001,0.002883506,HWJC,0.1160917399038762
4,6,1101,1.984942867,0.93595715,1,0.502739726,0.328286581,70.30349724,72.44308111,12.04159458,4.222606286,3.605551275,27.02421628,24.75484001,6.6635569860000015,205.292,0.7972483709999999,0.360522903,2.540838256,0.001983853,0.00035371,0.243117327,0.002552864,0.003921569000000001,0.002211797,0.002307755,0.002276048,0.001922338,0.000338331,9.31e-05,0.000753601,0.0026758940000000003,HWJC,0.13941359830217884
9,6,1074,1.432276094,0.9065457,1,0.71031746,0.500671051,57.63130136,55.32630477,11.66190379,4.884161446,4.472135955,25.44054464,24.32661494,2.45322592,164.18400000000003,0.8696356279999999,0.266405253,2.358692923,0.001845444,0.00035371,0.395339986,0.002322184,0.003921569000000001,0.002049271,0.002196176,0.002153018,0.001799308,0.000722799,8.08e-05,0.0006593739999999999,0.0025374860000000003,HWJC,0.10633461423179293
9,6,2958,4.794165238,0.988838798,1,0.162527473,0.149730382,187.5937272,185.5262785,12.52996409,4.616698931,4.0,34.81687039,27.94947109,44.80636416,498.252,0.655803126,0.7963245609999999,6.255840375,0.001830065,0.000261438,0.3808719920000001,0.002599,0.003737024,0.002095591,0.002114889,0.00213764,0.001337947,0.0006920419999999999,0.000120397,0.000470596,0.00236832,MHC,0.5424400382290588
9,6,2144,2.225296194,0.960638584,1,0.388969521,0.247263142,106.049373,105.3233118,12.72792206,5.025715796,4.472135955,33.63468783,29.46064388,15.84291754,330.094,0.7719171920000001,0.533364136,4.496701485,0.001799308,0.000261438,0.149256934,0.002337563,0.003737024,0.002075347,0.0020973420000000003,0.002091503,0.001476355,0.000907343,0.000115117,0.000457185,0.002306805,HWJC,0.2269915482704446
9,6,2577,3.099114365,0.98334441,1,0.25687799,0.241204222,140.0679404,142.0035211,12.80624847,5.001457179,4.472135955,30.63245594,25.45762104,40.17625053,366.412,0.7644615840000001,0.5860669510000001,5.540054101,0.001814687,0.000292195,0.049380532000000005,0.002352941,0.003921569000000001,0.002085648,0.002149808,0.00213764,0.001491734,0.000738178,8.540000000000003e-05,0.0006115469999999999,0.002414456,HWJC,0.3576214198752018
9,6,4411,6.722207503,0.99587344,1,0.185695041,0.160427528,273.079932,233.5551327,13.60147051,4.941277391,5.0,30.851067,24.78279999,-65.43214296,587.806,0.705308602,0.989788625,9.421561387,0.001860823,0.000276817,0.8426803959999999,0.002414456,0.003921569000000001,0.002156402,0.002135924,0.0021683970000000003,0.0015686270000000002,0.000722799,9.51e-05,0.000452165,0.002414456,MHC,0.7374368906964532
9,6,2000,1.452407605,0.8858900279999999,1,0.64913989,0.391306406,77.93932535,78.05767099,15.03329638,5.848407591,5.099019514,37.78569333,36.15568743,1.969777739,253.432,0.8171603679999999,0.441307225,4.252134022,0.001876201,0.000215302,0.17983384,0.002429835,0.003921569000000001,0.002173927,0.002126067,0.00213764,0.001707036,0.000768935,8.909999999999997e-05,0.000477696,0.002322184,HWJC,0.16231389690076836
9,6,8452,3.88345192,0.983232479,1,0.233616186,0.145361185,283.8144549,282.1931962,21.21320344,7.419312483,6.708203932000001,62.78457841,51.75541,28.85538155,854.7919999999998,0.592956363,1.454133136,17.69597953,0.001922338,0.000153787,0.344477173,0.002445213,0.003921569000000001,0.002144739,0.002093703,0.002091503,0.001276432,0.000799692,0.00012555299999999998,0.000333112,0.00224529,MHC,0.8896281011394833
